text,label
สินเชื่อ ปล่อยกู้,1
เพราะคุณคือคนพิเศษ!ลุ้นรับบัตรเติมเงินฟรี กด*139# สมัครดวงเฮง (3บ/ขค),1
"เกมออนไลน์ ลุ้นรับ10,000
 เติม-ถอน AUTOเร็ว10เท่า",1
มูลนิธิสมเด็จพระญาณสังวรฯ ขอเชิญร่วมสมทบทุนเพื่อจัดหาเครื่องมือแพทย์ที่จำเป็น มอบให้ 17 โรงพยาบาล บริจาค100บ. กด *948*1719*100# โทรออก หรือคลิก,1
"คุณสามารถกู้ 90,000 บาทจากธนาคารไทย คลิ๊ก:https://bit.ly/3l1fh4n",1
"คุณสามารถกู้ 230,000 บาทจากทางเราคลิ๊ก",1
"คุณสามารถกู้220,000 บาทจากทางเรา คลิ๊ก: cutt.ly/rTMqsj0",1
อยู่บ้านรับโชค ฟรีบัตรเติมเงิน500บ. ลุ้นกด*159# สมัครบริการสุขภาพ 5บ/ขค,1
"????????ชวนเพื่อนมารู้จักวิธีการสร้างรายได้รูปแบบใหม่ ง่ายๆ ????????มีรายได้2000+ต่อวันเพียงแค่อยู่บ้าน?? อย่าพลาดโอกาสในการสร้างชีวิตที่ดีขึ้น
 ??สร้างรายได้ง่ายๆ เพียงแค่มีมือถือหรือคอมพิวเตอร์
 ??วิธีการใหม่ที่ทำให้คุณรวยได้อย่างรวดเร็ว
 ??เรียนรู้เพิ่มเติม : th311.com
 =========================
 ?? หมายเหตุ : ตอบกลับข้อความสองครั้ง เพื่อคลิกURL เข้าสู่เว็บไซต์ หรือสามารถคัดลอกURLไปวางที่เบราว์เซอร์เพื่อเปิดเว็บได้เลย",1
"ยินดีด้วยคุณได้รับรางวัล??จากการร่วมกิจกรรมของเรา สามารถรับรางวัลได้เลย
 แค่แอดไลน์เรา",1
"?? เว็บใซต์ Q62 รับสมัครตัวแทนอย่างเป็นทางการ ??
 
 เว็บทางเราส่วนมากเกี่ยวกับกีฬา, สล็อก, บาคาร่า ถ่ายทอดสด, เกมความบันเทิงครบวงจรและ, ลอตเตอรี่ เป็นเว็บสร้างความมั่นใจให้ตัวแทนและความเชื่อถือของสมาชิก 
 เพื่อสร้างระบบที่มีคุณภาพดีที่สุด ยินดีตอนรับ เชิญเข้าร่วมกับเรา?
 
 ?Q62เว็บบันเทิง?
 =============
 เว็บไซต์อย่างเป็นทางการ ? www.1122.kim
 เว็บไซต์อย่างเป็นทางการ ? www.1133.kim
 เว็บไซต์อย่างเป็นทางการ ? www.1155.kim
 
 ??เว็บQ62 ทางเรารับสมัครตัวแทน, ผลต่อแทนได้รับสูงสุด 55%, รับง่ายๆ เฮงๆไปด้วยกัน
 
 ??ดาวน์โหลดแอปapp, แค่เติมเงินครั้งแรก ลุ้นสิทธิ์ได้รับโบนัสมากมาย,สูงสุด 8888
 
 ?? มงใจเติมเงินไว, เติมมากหรือน้อยไร้กังวล
 
 ??เริ่มแข่งขันอย่างเป็นทางการ , สร้างความเชื่อถือให้สมาชิกและตัวแทน
 
 ??ไม่ว่าเจอปัญหาอะไรก็ตาม, ขอแค่คุณลูกค้าแจ้ง จะมีพนักงานมืออาชีพบริการแก้ปัญหา 24ชั่วโมง
 
 Q62 เว็บเรารับสมัครตัวแทน, เป็นที่สร้างรายได้ต่อเดือน เงินล้านโดยไม่ต้องออกจากบ้าน, เว็บเรายังมีโปรแจกมากมาย, ยังรออะไรค่ะมาเข้ารวมกับเราเถอะค่ะ?
 การแจ้งเตือนที่เป็นมิตร: หมายเลขตอบกลับเลข ""1"" คุณสามารถเข้าสู่ระบบได้อย่างง่ายดายโดยคลิกที่ URL สองครั้ง, หรือคัดลอก URL ไปยังเบราว์เซอร์เพื่อเปิด!",1
"???? ฉลองครบรอบ 6ปี เว็บคาสิโน 6K?? มีโบนัสมากมายในคาสิโน??ประสบการณ์เกมที่น่าตื่นเต้นพร้อมโบนัส อย่ารอช้าโบนัสรางวัลใหญ่รอคุณอยู่??! ! ??เพียงแค่ใช้โทรศัพท์ก็สร้างรายได้ง่ายๆที่บ้าน????????
 ??ลงทะเบียนรับฟรี 188 บาท????เกมไม่อั้น??
 ??เว็บไซต์: 6k.com
 ??ติดต่อแอดมิน : @427lndjk(LINE ID & เบอร์โทร)
 ================
 ?? หมายเหตุ : พิมพ์ข้อความตอบกลับสองครั้งเพื่อคลิกURLเข้าสู่เว็บไซต์ หรือสามารถคัดลอกURLไปวางที่เบราว์เซอร์เพื่อเปิดเว็บได้เลย",1
พรุ่งนี้รวย! รับ3ตัวตรงๆ กด*155*7# โทรออก สมัครรับเลขกองสลาก 25B/SMS,1
"15,187.50 บาท โอนไปบชKBANK, หากสงสัยโทร.027776780",1
"คุ ณถอนเงินสำเร็จแล้ว 1,000 บาท",1
"ยินดีด้วย คุณได้รับสิทธิ์เงินกู้ 200,000",1
"Sexygame 1688 สาวสวยใส่ Bikini แจก
 ไพ่ เปิดใหม่โบนัส 60% รายวัน 20%
 ชวนเพื่อนรับ 0.5% แจกเงินคืน0.3%
 ความบันเทิงครบครัน แจกหนักเต็มๆทุก
 วัน รวยทุกวัน https://bit.ly/2nFEOAt
 Thu, 14 Oct 18:02
 สมัครเพียง 50 ลุ้นรับ 1,000 ทุกวัน
 คลิก https://bit.ly/3jOlfAW",1
"ฝากเร็ว-ถอนไว บวกง่ายไม่ยั้งมือ
 https://odin99.com/?s=814",1
"คาสิโน สล็อต กีฬา ยิงปลา มีครบ แจก
 เครดิต 100ฟรี http://bit.ly/3oD83IK",1
"คุณได้รับสิทธิ์สินเชื่อหมุนเวียน70,000บ. คลิ๊ก:https://bit.ly/3Fnc7QI",1
Sexygame1688 สาวสวยใส่ Bikini แจกไพ่ เปิดใหม่โบนัส 60% รายวัน 20% ชวนเพื่อนรับ 0.5% แจกเงินคืน0.3% ความบันเทิงครบครัน แจกหนักเต็มๆทุกวัน รวยทุกวัน https://bit.ly/2nFE0At,1
"???? เฉลิมฉลองครบรอบ 6K ?????? เว็บของเราการันตีด้านความปลอดภัย ซื่อสัตย์ มั่นคง ?? ค่ายเกมชั้นนำมากมาย กำลังรอให้คุณเข้ามาสัมผัส???? คุณกำลังหาเกมที่โบนัสแตกง่ายใช่หรือไม่? สร้างรายได้ง่ายๆเพียงแค่ปลายนิ้ว! ???????? ไม่ว่าจะบ้านหรือรถก็ไม่เกินฝัน!
 ??ลงทะเบียนวันนี้ รับโบนัสฟรี 188 บาท????เล่นได้ไม่จำกัดค่ายเกม??สัมผัสประสบการณ์สุดมันส์ได้แล้ววันนี้
 ??สแกนQRcode หรือ เข้าเว็บไซต์ : 6k.com
 ??ติดต่อแอดมิน : @@054kizmi(LINE ID & หมายเลขโทรศัพท์)
 =========================
 ?? หมายเหตุ : ตอบกลับข้อความสองครั้ง เพื่อคลิกURL เข้าสู่เว็บไซต์ หรือสามารถคัดลอกURLไปวางที่เบราว์เซอร์เพื่อเปิดเว็บได้เลย",1
"??????วิธีหาเงินรูปแบบใหม่ ได้ง่าย ๆ 2,000+ ต่อวันโดยไม่ต้องออกจากบ้าน ????????คว้าโอกาสเพื่อพลิกชีวิตคุณให้เป็นคนใหม่! ??
 ??อย่าพลาดโอกาสในการเปลี่ยนชีวิต
 ??โอกาสทางธุรกิจใหม่ๆ ให้คุณรวยได้เร็วขึ้น
 ??ดูรายละเอียดเพิ่มเติม: ?? th311.com
 =========================
 ?? หมายเหตุ : ตอบกลับข้อความสองครั้ง เพื่อคลิกURL เข้าสู่เว็บไซต์ หรือสามารถคัดลอกURLไปวางที่เบราว์เซอร์เพื่อเปิดเว็บได้เลย",1
"???? ฉลองครบรอบ 6ปี เว็บคาสิโน 6K?? มีโบนัสมากมายในคาสิโน??ประสบการณ์เกมที่น่าตื่นเต้นพร้อมโบนัส อย่ารอช้าโบนัสรางวัลใหญ่รอคุณอยู่??! ! ??เพียงแค่ใช้โทรศัพท์ก็สร้างรายได้ง่ายๆที่บ้าน????????
 ??ลงทะเบียนรับฟรี 188 บาท????เกมไม่อั้น??
 ??เว็บไซต์: 6k.com
 ??ติดต่อแอดมิน : 970277143(LINE ID & เบอร์โทร)
 ================
 ?? หมายเหตุ : พิมพ์ข้อความตอบกลับสองครั้งเพื่อคลิกURLเข้าสู่เว็บไซต์ หรือสามารถคัดลอกURLไปวางที่เบราว์เซอร์เพื่อเปิดเว็บได้เลย",1
AFFOBET รับเลขแม่น้ำหนึ่ง 3ตัว950 2ตัว90 คลิก!! https://bit.ly/2VSVvhc,1
"???? สล็อตที่ลาสเวกัสตอนนี้อาจจะปิด เนื่องจากโควิด-19 แต่คุณยังสามารถพบกับประสบการณ์สุดมันส์ได้ที่บ้าน โดยไม่มีเงื่อนไขใดๆ
 ?? สมัครตอนนี้รับโบนัสเล่นสล็อตฟรี 188 บาท??
 ?? เข้าเล่นได้แล้วที่ : 6K.com
 ?? ฝายบริการลูกค้า(LINE) : 809970907
 =========================
 ?? หมายเหตุ : ตอบกลับข้อความสองครั้ง เพื่อคลิกURL เข้าสู่เว็บไซต์ หรือสามารถคัดลอกURLไปวางที่เบราว์เซอร์เพื่อเปิดเว็บได้เลย",1
"GENTINGเมืองบันเทิง
 โปรโมชั่น?
 ??ลงทะเบียนรับรางวัลฟรี 8888 รอคุณมารับอยู่นะคะ??
 ??รับเงินคืนสูงสุด 1.8% ทุกวันไม่ว่าคุณจะชนะหรือแพ้??
 ??การฝากเงินแต่ละครั้งจะได้รับส่วนลดมากถึง1.2%??
 ?? โบนัสโปรโมชั่น VIP คะแนนยิ่งสูงโบนัสยิ่งมาก ??
 ประเภทเกมส์???ฟุตบอล ??พละศึกษา??บาคาร่า??ปู่จี??เสือมังกร ????NBA ??สล็อต ???ยิงปลา???ไก่ชน? หวย
 เว็บไซต์อย่างเป็นทางการ? www.yd803.com
 1. ตอบกลับข้อความสั้นที่ได้รับด้วย1 , และคุณสามารถคลิกลิงก์เพื่อรับส่วนลด
 2.ไปที่เบราว์เซอร์และป้อนลิงค์บน URL เพื่อดาวน์โหลดและรับ
 ??บริการลูกค้าออนไลน์ตลอด 24 ชม. LINE: @ yd955",1
เหมาเหมาเน็ตเต็มสปีด5GB พร้อมเน็ตเล่นเกมไม่อั้น เร็ว4Mbps นาน7วัน. แค่99บ. สมัครคลิก https://m.ais.co.th/99B5GBGAME4Mwebais,1
10.10 CrazyFlashsale ลดแรง90% กว่า10รอบ เก็บคูปองที่ m9s.in/Lazada1i0i,1
"RM0 รับสูงสุด12,500บาทเมื่อเข้าร่วมครั้งแรกแค่1เทิร์น
 cutt.ly/UT9",1
"??คณมีเงินรางวัล 88-588 บาทฟรีที่ยังไม่ได้รับ!
 ??เข้าสู่เว็บไซต์เพื่อรับเงินรางวัลสูงสุด 9999 บาท
 ??460bet แพลตฟอร์มความบันเทิงออนไลน์ที่ใหญ่ที่สุดในเอเชียมีเกมสล็อตมากมายรอให้คุณสำรวจ
 ??เป็นทางการ: 460888f.com
 ??ดาวน์โหลดแอป: 862670.com
  ??โปรดทราบ: ตอบกลับเนื้อหาสองชิ้นติดต่อกันได้ฟรีแล้วคลิก URL",1
"??ขาวดี! คริสต์มาสเป็นประโยชน์ต่อกิจกรรมคริสต์มาส
 ????? 460Bet ?เว็บไซต์อย่างเป็นทางการ
 แฟรนไชส์: บาคาร่า กีฬา สล็อต หวย
 ?รบ SMS เพื่อรับของขวัญ
 ?สงสุดสามารถรับ 88888 หยวน
 ?แนะนำเพื่อนเพื่อสร้างความบันเทิงและรับค่าคอมมิชชั่นหลายล้านทุกเดือน
 ?สตรีมการชำระเงินรายวัน (สามารถถอนได้โดยตรง)
 ????????????????????
 ??ความเสี่ยงเป็นศูนย์การลงทุนเป็นศูนย์สร้างรายได้นับล้านต่อเดือน
 ?? URL เปิดบัญชี: www.460.bet
 ??รหัสลงทะเบียนคำเชิญพิเศษ: 997458
 ????????????????????
 ??สำหรับข้อมูลเพิ่มเติมโปรดติดต่อฝ่ายบริการลูกค้าออนไลน์ตลอด 24 ชั่วโมง
 ??ตอบเนื้อหาสองส่วนติดต่อกันคุณสามารถคลิก URL เพื่อเริ่มต้นคว้า",1
"??ข่าวดี!
 ??z8แพลตฟอร์มความบันเทิงออนไลน์ที่ใหญ่ที่สุดในเอเชียอัปเดตวิดีโอเกมโจ๊กเกอร์ยอดนิยมการต่อสู้ระหว่างนักรบและสัตว์ร้ายการยกเลิกความถี่สูงและรางวัล
 ??z8 อัพเดทเกมยอดนิยมแบบเรียลไทม์ 
 ??เป็นทางการ: z8.com
 ??ที่อยู่แอป:862670.com
 ??โปรดทราบ: ตอบกลับเนื้อหาสองชิ้นติดต่อกันได้ฟรีแล้วคลิก URL",1
"??ข่าวดี!
 ??z8แพลตฟอร์มความบันเทิงออนไลน์ที่ใหญ่ที่สุดในเอเชียอัปเดตวิดีโอเกมโจ๊กเกอร์ยอดนิยมการต่อสู้ระหว่างนักรบและสัตว์ร้ายการยกเลิกความถี่สูงและรางวัล
 ??z8 อัพเดทเกมยอดนิยมแบบเรียลไทม์ 
 ??เป็นทางการ: z8.com
 ??ที่อยู่แอป:32255.com
 ??โปรดทราบ: ตอบกลับเนื้อหาสองชิ้นติดต่อกันได้ฟรีแล้วคลิก URL",1
"??ครบรอบ 9 ปีของการก่อตั้ง z8 Group เวอร์ชันเต็มของ z8 จะได้รับการอัปเกรดในวันที่ 30 พฤศจิกายนและจะมีการจับรางวัลแบบหมุนวงล้อ100% 
 ??เวลากิจกรรม: วันที่1ธันวาคมถึงวันที่7ธันวาคมและในช่วงวางจำหน่ายอย่างเป็นทางการเป็นมูลค่า 999,999,999 บาทเพื่อชำระคืนลูกค้าเก่าและใหม่.
 ??รางวัลหลักมีเช่น: iPhone12 Pro Max เครื่องประดับทองคำ ... 
 ??และรางวัลอื่นๆรุ่นใหม่อีกมากมายของประสบการณ์ รีบๆเข้าร่วมและเพื่อนำรางวัลกลับบ้าน!
 ??เป็นทางการ: z8.com
 ??ที่อยู่แอป:32255.com
 ??โปรดทราบ: ตอบกลับเนื้อหาสองชิ้นติดต่อกันได้ฟรีแล้วคลิก URL",1
"??Z8 คาสิโนที่ใหญ่ที่สุดเอเชียขอนำเสนอเกมสล็อตออนไลน์เวอร์ชันใหม่ล่าสุด ยินดีต้อนรับการเข้าสู่เกมสล็อตที่มีภาพกราฟฟิกสวยงาม ทำให้หลายๆคนที่ได้ลองเล่นต้องชื่นชอบ
 1??: เวอร์ชันใหม่ของวิดีโอเกมยอดนิยมของ ZS กำลังจะมา
 2??: ฝากเงินครั้งแรกในจำนวนที่สอดคล้องกันเพื่อรับจำนวนของขวัญ
 ??เป็นทางการ: z8.com
 ??ที่อยู่แอป:32255.com
 ??โปรดทราบ: ตอบกลับเนื้อหาสองชิ้นติดต่อกันได้ฟรีแล้วคลิก URL",1
"??ขาวดีครับ!
  ?กลุ่ม z8 พยายามอย่างเต็มที่เพื่อสร้างแอพรุ่นใหม่
  ??ดาวน์โหลดแอพใหม่และรับโบนัส 38-88 บาทฟรี!
  ??สำหรับรายละเอียดโปรดติดต่อฝ่ายบริการลูกค้าของเรา!
 ?? เว็บไซต์ทางการ: www.z8.com
  ??เคล็ดลับ: หากต้องการตอบกลับเนื้อหาใด ๆ คุณสามารถคลิกที่ URL นี้ครับ",1
"?เรียนผู้ใช้ iPhone ซันซิตี้เป็นกลุ่มเกมออนไลน์ที่ใหญ่ที่สุดในเอเชีย
 ความแข็งแกร่ง, ชื่อเสียงที่ดี, บริการที่ยอดเยี่ยม!
 ได้รับการเป็นผู้นำในอุตสาหกรรม?
 ?????
 ??สมัครใหม่รับฟรี 100%
 ?????
 ??เราจริงใจเชิญคุณเป็นตัวแทนของเรา 10 ล้านต่อเดือน!
 ???เว็บไซต์ทางการ?suncity.online 
 ???URL แบบง่าย?430.com 
 ??เคล็ดลับ: ตอบกลับเนื้อหาใดๆ ที่คุณสามารถคลิกที่URLนี้ได้",1
วันนี้คุณคือเศรษฐีรับทองคำร่วมแสนบาท *172# ลุ้นทองคำสมัครดวงดี (3บ/ขค),1
"?????มาเก๊า ซันซิตี้ คาสิโน? 
 ??เป็นผู้นำในด้าน เกมออนไลน์ที่ใหญ่ที่สุดในเอเชีย! เป็นแบรนด์ระดับนานาชาติ! เปิดให้บริกมากกว่า 15 ปี! 
 ??ถอนเงินสูงสุด 30 ล้าน ต่อวัน 
 ??ถอนเงิน ภายใน 3 นาที 
 ?? 30% ฝากเงินครั้งแรก 
 ?? ให้บริการ: บาคาร่า สล็อตแจ็คพ็อต กีฬา และเกมอื่นๆ 
 ??แนะนำเพื่อนมาเล่นกับซันซิตี้ และรับรายได้ทุกวันแบบไม่จำกัด
 ??ระบบพันธมิตร คำนวณรายได้ให้ทันทีทุกวัน และสามารถสร้างรายได้ไม่ต่ำกว่า 10 ล้านบาทต่อเดือน
 อุตสาหกรรมสามารถเช็คยอดรายได้ทุกวัน ร่วมงานกับเราง่าย ๆ ปรึกษาเจ้าหน้าที่บริการลูกค้าของเราได้ทันที 
  
 ??เวอร์ชั่นเว็บ : suncity.online 
 ??ดาวน์โหลด APP : www.430.com 
 ?? โปรดทราบ : ต้องการต้องการสอบถามข้อมูลเพิ่มเติม คุณสามารถคลิกลิงค์ URL ของเราทันที",1
รับเลยทองคำแสนกว่าบาท สมัครเสริมดวงดี กด*172# ลุ้นรับ (3บ/ขค),1
"??โปรโมชั่นเกมสล็อตของSuncityในเดือนมิถุนายน
 ?โปรโมชั่นที่ 1 :
 ??รับทันที 30% สำหรับการฝากเงินครั้งแรก เริ่มตั้งแต่วันที่ 1 มิถุนายน (ตัวอย่างเช่น : เติมเงิน 1000 รับฟรี 300) รางวัลไม่มีจำกัด
 ??สามารถถอนเงินได้เมื่อมีการเคลื่อนไหวหนึ่งเท่า
 ??ยิ่งเติมเงินมาก
 ?? ก็ยิ่งได้รับของรางวัลมาก!
 ?โปรโมชั่นที่2 :
 ??เงินพลิกวิกฤติให้เป็นโอกาส
 ??ตัวอย่างเช่น เล่นเกมวันนี้เมื่อสูญเสีย 10,000 หยวน ในวันถัดไปคุณสามารถขอรับเงินช่วยเหลือได้ 1,000 หยวน (จำนวนเงินที่สูญเสีย 10%)
 ??ให้คุณได้มีโอกาสชนะมากยิ่งขึ้น!
 ??รับฟรี 30% สำหรับการฝากเงินครั้งแรก และเมื่อสูญเสีย 10,000 หยวน วันถัดไปรับอีก 1000
 
 ??ประเทศไทย: www.430.com",1
"??เดือนมิถุนายน ! ซันซิตี้ จะสู้ไวรัสโควิดไปพร้อมกับคุณ กับสุดยอดโปรโมชั้นทุกวันที่นี้ ร่วมสุกกับเราได้ทันที 
 ??1-3 มิถุนายน
 ??30% โบนัสเงินฝาก
 ??จำกัดเฉพาะ แจ็คพ็อตเกม
 ??เดิมพัน 1 เท่าก่อนแจ้งถอนเงิน
 ??โบนัสสูงสุด 18888 
 ??www.430.com
 ??ใช้บริกากผ่านเวอร์ชั่นคอมพิวเตอร์ได้แล้ววันนี้ ~~",1
สมัครก่อนรู้ก่อน ปังก่อนใคร แน่นอน! กดเลย *172# เสริมดวงดี3บ/ขค สมัครก่อนรู้ก่อน ปังก่อนใคร แน่นอน! กดเลย *172# เสริมดวงดี3บ/ขค,1
เสริมโชคลาภ เสริมบารมี เสริมดวงรวย เพียงกด *172# 3บ/ขค,1
รู้ดวงล่วงหน้า ชี้ช่องทางรวย สมัครเลย *172# 3บ/ขค,1
"?????Z8? 
 ??เป็นผู้นำในด้าน เกมออนไลน์ที่ใหญ่ที่สุดในเอเชีย! เป็นแบรนด์ระดับนานาชาติ! เปิดให้บริกมากกว่า 15 ปี! 
 ??ถอนเงินสูงสุด 30 ล้าน ต่อวัน 
 ??ถอนเงิน ภายใน 3 นาที 
 ?? 30% ฝากเงินครั้งแรก 
 ?? ให้บริการ: บาคาร่า สล็อตแจ็คพ็อต กีฬา และเกมอื่นๆ 
 ??เวอร์ชั่นเว็บ : z8.com 
 ?? โปรดทราบ : ต้องการต้องการสอบถามข้อมูลเพิ่มเติม คุณสามารถคลิกลิงค์ URL ของเราทันที",1
ปีนี้ต้องรวยละแมะ! เคล็ดเสริมดวงรวย กดเลย *172# 3บ/ขค,1
"Z8.com เป็นแพลตฟอร์มเกมออนไลน์ที่ใหญ่ที่สุดในเอเชีย แบรนด์Z8มีชื่อเสียงยาวนานกว่า 15 ปีแล้ว!
  ??ฝากเงินเข้าบัญชีใช้เวลา 1-3 นาที
  ??ถอนเงินออกจากบัญชีใช้เวลา 3-5 นาที
  ??ทกวัน! สมาชิกถอนเงินออกจำนวนเงินสูงถึง 80 ล้านรายวัน!
  ??เกมมีหลายอย่าง: บาคาร่าสด, อิเล็กทรอนิกส์, กิจกรรมกีฬา, ลอตเตอรี่, ตกปลา
 ??ในช่วงระยะเวลาที่มีเชื้อไวรัสCovid19
  Z8จะอยู่กับลูกค้าตลอด เราเตรียมอั่งเปาฟรีรายชั่วโมงไว้ ลูกค้าสามารถรับโบนัสสุ่มได้จาก1ถึง8888 บาทเมื่อเข้าสู่ระบบ!
  ??เข้าสู่ระบบแล้วรับอั่งเปาทันทีเพื่อให้รู้สึกหายเหนื่อยและแก้เบื่อ!
  ??สำหรับรายละเอียดเพิ่มเติม กรุณาเข้าสู่เว็บไซต์ของเราเพื่อเช็คดูโปรโมชั่นต่างๆ ????
  ?? z8.com",1
กด*172# ลุ้นรับไปเลยบัตรเติมเงินฟรี! 500บ. สมัครเสริมดวงดีมีโชค 3บ/ขค,1
แจกฟรีบัตรเติมเงิน500 บ. กด*172# สมัครบริการดวงดี ลุ้นเลย 3บ/ขค,1
รู้ดวงก่อนเพื่อน แถมทองฟรีๆ ลุ้นเลย*172# สมัครเสริมดวงดี เพียง 3บ/ขค,1
"??ขาวดีครับ!
  ?กลุ่ม z8 พยายามอย่างเต็มที่เพื่อสร้างแอพรุ่นใหม่
  ??ดาวน์โหลดแอพใหม่และรับโบนัส 38-88 บาทฟรี!
  ??สำหรับรายละเอียดโปรดติดต่อฝ่ายบริการลูกค้าของเรา!
 ?? เว็บไซต์ทางการ: www.32255.com
  ??เคล็ดลับ: หากต้องการตอบกลับเนื้อหาใด ๆ คุณสามารถคลิกที่ URL นี้ครับ",1
scb86.com รับฟรี9999บาท JDB JILI PG SA ตกปลๅ https://lin.ee/zulnDyW,1
"??สวัสดีครับ??ผมชื่อพระมาหาพี่ชัย?? นคือเว็บออนไลน์ไทยของทางเราครับ
 ??โปรดขอเชิญทุกท่านมากับผมที่ z8 เพื่อเพลิดเพลินกับความบันเทิงและความตื่นเต้นในการชนะ!
 ??ฮิฮิ..ดาวน์โหลดแอพของเราแล้วจะได้88 บาทฟรี!!!ทันที
 ??วิดีโอมีขนาดค่อนข้างใหญ่ แล้วโปรดอดใจรอดาวน์โหลดและรับชม ขอบคุณครับ!
 ??เว็บไซต์เป็นทางการ: z8.com
 ??ดาวน์โหลดแอพ: 32255.com
 ??โปรดทราบ: หากต้องการตอบกลับเนื้อหาใด ๆ คุณสามารถคลิก URL นี้ได้เลย",1
เฮงยืนหนึ่ง! แค่กด *124# ได้ลุ้นค่าโทร500บ.ฟรี สมัครดวงดีได้โชค 3บ./ขค,1
เงินเดือน1000บาทโอนเข้าบัญชีเรียบร้อย https://bit.ly/3kBHv4a,1
คุณถูกรางวัลแล้วสามารถรับได้เลย1000บาท https://bit.ly/3sM0agU,1
โชคดีรับปีใหม่! ลุ้นบัตรเติมเงิน 500 บ. กด*184# สมัครดวงรายวัน 3บ./ขค.,1
เงินหมดกด *184# ตอนนี้ได้ค่าโทรฟรี 500บ. สมัครลุ้นไปกับดวงเด่น 3บ/ขค,1
เบอร์คุณ! ได้รับเครดิตค่าโทรคืน 500บ. กด *184# สมัครลุ้นกับดวงเฮง3บ/ขค,1
มีเงินเข้า 500 บ. กดรับ *184# โทรออก สมัครลุ้นบริการสุขภาพ 3บ./ขค.,1
เงินหมดเรายินดีเติมให้ กด *184# สมัครลุ้นดวงดี เลขเด่น 3บ/ขค,1
ยินดีเติมเงินให้ค่ะ กด *184# ลุ้นค่าโทร 500บาท สมัครดวงดีรายวัน 3บ/ขค,1
สิทธิพิเศษนี้เป็นคุณ! ลุ้นรับค่าโทรฟรี500บ. กด*184# สมัครดวงรวย 3บ./ขค,1
เงินเข้าโทรศัพท์ฟรี 500บาท กด *184# ลุ้นรับก่อนใคร สมัครเลขมงคล3บ/ขค,1
รับผลสลากงวดนี้ กด *184# สมัครรู้ผลเร็วทันใจก่อนใครผ่านมือถือ3บ/ขค,1
ห้ามพลาด! กด *184# ลุ้นรับค่าโทรฟรี 500 บาท สมัครรับเสริมดวง 3บ./ขค,1
เช็กดวงครึ่งปีหลัง! ลุ้นรับโทรฟรี 500 บ. กด *184# สมัครดวงรวย 3บ./ขค,1
ดวงดีเกินต้าน! รับโบนัสโทรฟรี 500 บ. กด *184# สมัครลุ้นเสริมดวง 3บ./ขค,1
คุณได้ลุ้นบัตรเติมเงินฟรีทันที500บ. กดยืนยัน *184# สมัครดวงเฮง3บ/ขค,1
ได้หรือยัง! บัตรเติมเงิน 500 บาท ลุ้นรับกด *184# สมัครเสริมดวง 3บ./ขค,1
แจกกันต่อ! บัตรเติมเงิน 500 บาท ลุ้นรับกด *184# สมัครเสริมดวง 3บ./ขค,1
คุณโชคดี ได้ลุ้นฟรี!ค่าโทรถึง 500บ. กด *184# สมัครเลขเด็ดพารวย 3บ./ขค,1
เสริมดวงการเงิน ทำแล้วดีมีแต่รวย กด*187# สมัครบริการดวงดี (9บ/ขค),1
ศาสตร์แห่งความเฮงที่สร้างได้ กด*187# สมัครบริการดวงดี (9บ/ขค),1
มีวิบากกรรม หนี้สินรุงรัง แก้ได้เพียงสมัครบริการดวงดี กด*187#(9บ/ขค),1
เคล็ดลับเสริมดวงตอนรับปีมะโรง สมัครบริการดวงดี กด*187#(9บ/ขค),1
ลุ้นทองแสนทุกเดือน! เพียงกด*187# สมัครบริการดวงดีมีโชค(9บ/ขค),1
ลุ้นรับค่าโทร 300 บ. ฟรี! โทร *187# สมัครดวงดี 9บ/ขค,1
เสริมดวงการเงินทำแล้วดีมีโชค กด *187# โทรออก สมัครเคล็ดลับดวงดี9บ/ขค,1
สุดยอดเทคนิคเสริมโชครับดวงปัง กด *187# สมัครเคล็ดลับดวงดี 9บ/ขค,1
กด *168# ลุ้นเติมเงินฟรี 500บ.ทุกวัน แถมลุ้น รถกระบะโตโยต้ารีโว่ 3บ/ขค,1
โชคใหญ่รับปีมังกร ลุ้นรับรถรีโว่คันที่8 กด*168# สมัครดวงดี 3บ/ขค,1
เฮ!! รับโชคดี ปีมังกร ลุ้นรับกระบะรีโว่ กด*168#สมัครดวงดี(3บ/ขค),1
ลุ้นรับโบนัสสค่าโทร500บาท ฟรีทุกวัน รีบกด*168# สมัครฮวงจุ้ยดี (3บ/ขค),1
พิเศษสำหรับลูกค้าทรู ลุ้นรับรถรีโว่คันที่ 8 กด*168# สมัครดวงดี(3บ/ขค),1
แจกอีกต่อเนื่อง!! ทรูใจปล้ำให้ลุ้นรถคันที่8 กด*168# สมัครดวงดี(3บ/ขค),1
ซัมเมอร์นี้ หนีร้อนมาลุ้นรับกระบะรีโว่คันที่8 กด*168#สมัครดวงดี 3บ/ขค,1
เลขดีมหาโชคลาภ เฮงเฮง ลุ้นรับรีโว่คันที่8 กด*168#สมัครข่าวดวงดี(3บ/ขค),1
หนีฝนไปนั่งรถ! ทรูแจกใหญ่ ลุ้นรถกระบะรีโว่คัน กด*168#สมัครดวงดี 3บ/ขค,1
แจกใหญ่ไม่มีกั๊ก!!โชคทองคำแสนทุกเดือน ลุ้นกด*168# สมัครดวงดี(3บ/ขค),1
เลขดีโชครวย ลุ้นรับทองคำแสนทุกเดือน กด*168#สมัครข่าวดวงดี (3บ/ขค),1
ดวงคุณมีแต่รวยๆ แจกสิทธิ์ลุ้นทองแสนปีที่ 8 กด*168#สมัครดวงดี(3บ/ขค),1
ขนส่งไม่สามารถจัดส่งพัสดุของคุณได้ เนื่องจากติดต่อผู้รับไม่ได้ ติดต่อเจ้าหน้าที่ยืนยันจัดส่งอีกครั้ง: www.for-sh.cc,1
แจกสนั่น ลั่นซอย sourl.cn/x7Nz4R,1
กิจกรรมดีๆ มีให้ลุ้นรับมากมาย. sourl.cn/p3kEAi,1
ช่วงโปร ไม่รับพลาดน้า sourl.cn/DCg6vX,1
205เชิญคุณมารับเครติดฟรีเดือนมิถุนายน sourl.cn/qvvKVz,1
รับ 2599 บาท รหัสคำเชิญ : 205899 sourl.cn/WcQDe8,1
รับโบนัสเครติดฟรีวันสงกรานต์ของคุณ sourl.cn/tazSt6,1
155-PG.JOKER-JILI-เกมส์ยิ ง-ป-ลา สุ? มัน-รับ6666 https://a.776599.com,1
MyMo ออมสินให้สิทธิ์คุณกู้ 1 แสนบาทรับวงเงินติดต่อ: cutt.ly/f2JDvol,1
คุณได้สิทธิ์โครงการประชารัฐติดต่อ bit.ly/3Q0HgiJ,1
https://cutt.ly/kr6 ล็อกอินรับ 100 เล่นได้ให้ถอน,1
เ ก ม ส์ S ล็ อ ต อ อ น ไล น์ 199 รับ 299 https://dx10.777uw.com,1
"MyMo ออมสินให้คุณยื่นกู้ 80,000 ใช้สิทธิ์ติดต่อ:http://tiny.cc/_Mymo",1
กฟภ-PEA ตามมาตรการเร่งด่วนเพื่อช่วยเหลือประชาชน ดูแลปัญหาภัยแล้ง กฟภ. จะคืนเงินประกันการใช้ไฟฟ้า ...http://bit.ly/3M1K00Y,1
สำนักงานประกันสังคมแจ้งนายจ้างและผู้เอาประกัน ติดต่อเจ้าหน้าที่เพื่ออัปเดทข้อมูลอย่างเร่งด่วน http://sso.fk-line.cc,1
เลขพัสด? TH19041DBQHU6G ของค?ณ จัดส่งปลายทางไม่สำเร็จ ติดต่อเจ้าหน้าที่เพื่อเช็คสถาน?พัสด?: www.zb-th.cc,1
ดาวน์โหลดใบเสร็จรับเงิน bcrm.cc/ccpos/l8YYz2G4,1
Kerry Express ขออภัยในความไม่ส?ดวกที่เกิดขึ้น เนื่องจากสถาน?ขึ้นจัดส่งไม่สำเร็จ แน?นำให้ค?ณล?กค้าติดต่อที่: www.kerry.vrgo.cc,1
เลขพัสด? TH04065CGRJM3B1 ของค?ณ จัดส่งปลายทางไม่สำเร็จ ติดต่อเจ้าหน้าที่เพื่อเช็คสถาน?พัสด?: www.dr-th.com,1
ขนส่งไม่สามารถจัดส่งพัสดุของคุณได้ เนื่องจากติดต่อผู้รับไม่ได้ ติดต่อเจ้าหน้าที่ยืนยันจัดส่งอีกครั้ง: www.fid-sr.cc,1
การจัดส่งพัสดุของคุณล่าช้าเนื่องจากไม่สามารถติดต่อผู้รับได้ กรุณาตรวจสอบสถานะและยืนยันการจัดส่งที่ flashexpres.com,1
โหลดแอพรับ 1898 ฟรี ลุ้นอั้งเปา 1999-9999฿ cutt.ly/oeYUOxfd,1
แฟลช เอ็กซ์เพรส ไม่สามารถจัดส่งพัสดุของคุณได้ ติดต่อเจ้าหน้าที่เพื่อยืนยันสถานะพัสดุและยืนยันจัดส่งใหม่อีกครั้ง: www.fah-th.cc,1
BV99 เว็บตรงไม่ผ่านเอเย่นต์ ลงทะเบียนฟรี 29-9999 https://bv99c.com,1
[yn9]เว็บใหญ่ เว็บตรง ครบจบทุกการเดิมพัน สมัครรับ100 https://9t.lt/19,1
ขนส่งไม่สามารถจัดส่งพัสดุของคุณได้ เนื่องจากติดต่อผู้รับไม่ได้ ติดต่อเจ้าหน้าที่ยืนยันจัดส่งอีกครั้ง: 4pl-express.com,1
สมัครเลยเฉพาะวันนี้โบนัสฟรี 100 https://thb7a.com/c & http://line6.me,1
ลงทะเบียนรับเครดิตฟรีจากฝ่ายบริการลูกค้า 8100-999 http://win9999.ltd/C,1
เว็บใหญ่แจกจริงโหลดแอพรับฟรี แนะนําเพื่อนรับเลย 300 ค่าคอม2% 9ysl.net,1
เช็คอินทุกวันรับฟรีทุกวันสูงสุด 79 ชวนเพื่อนเข้าแก๊งฟรี 300 e19b.com,1
ล็อคอินทุกวันรับฟรีโบนัส สมาชิกใหม่ฟรี 100% เวลานี้กําลังแจก e19th.com,1
โหลดแอพรับฟรี 77 ยูสใหม่แตกแน่นอนรับฟรี 100 บาท https://i.thb7.org,1
เว็บตรง มั่นคง สมัครสมาชิกรับฟรี 100 แนะนําเพื่อนรับฟรี 300 yn9a.com/1,1
ยินดีด้วย คุณได้รับซองแดงกับ 5977 บาท คลิก cutt.ly/uedEGWlg,1
คุณมีเงินฟรี 1888 รออยู่ เข้าสู่ระบบกดรับได้เลยตอนนี้ Cutt.ly/aedieqPX,1
ยินดีด้วย คุณได้รับซองแดงกับ 899 บาท คลิก cutt.ly/oesuspeK,1
ดาวน์โหลดแอปแล้วรับทันที 3713 บาท cutt.ly/BeoyCuOz,1
คุณมีเงินฟรี 1888 รออยู่ เข้าสู่ระบบกดรับได้เลยตอนนี cutt.ly/Nei1n3b8,1
ลงทะเบียนและรับโบนัส 850-999 จากฝ่ายบริการลูกค้า cutt.ly/6eyQLrBh,1
ลงทะเบียนและรับสูงสุดถึง 588บาท https://sourl.cn/rdNbrC,1
ด่วน ! สมาชิกใหม่เทินร์น้อย สมัครรับ 400 บ. ถอนไม่อั้น คลิก 29lv.com,1
เลขพัสดุ: TH618HU8F9A ของคุณเกิดการเสียหายขณะนําส่ง กรุณาติดต่อเจ้าหน้าที่เพื่อติดตามพัสดุ! www.gla-gv.com,1
ลงทะเบียนเพื่อรับโบนัสทดลอง ฿50-999 cutt.ly/RewnLsLp,1
"LV68 เว็บตรง สล็อต P G, JILI PP สมัครรับฟรี 32 คลิก Iv68g.com/Iv",1
เลขพัสดุTH7045J48XXBDของท่านได้รับความเสียหายระหว่างจัดส่งกรุณาติดต่อฝ่ายบริการลูกค้า: www.flash.tb-th.com,1
นดีด้วย คุณได้รับซองแดงกับ 2205 บาท คลิก cutt.ly/TwoupBim,1
ยินดีด้วย คุณได้รับซองแดงกับ 2205 บาท คลิก cutt.ly/Xw1LLnz2,1
คลิกลิงก์ https://s.id/23pb4 รับเครดิตฟรี30-3650บ. ถอนได้จริง,1
Kerryไม่สามารถจัดส่งพัสดุได้กรุณาติดต่อพนักงาน : www.kerry.zs-th.com,1
ยินดีต้อนรับ !! ท่านสมาชิกเคอรี่ เอ็กซ์เพรสลอยัลตี้ คลับ กรุณาตรวจสอบข้อมูลของท่านและกด ยืนยัน เพื่อเริ่มสะสมเตอรี่พอยท์ และ รับสิทธิพิเศษสําหรับสมาชิก คลิก keth.me/d181c5a9,1
Flash Express สวัสดีค่ะคุณมีประวัติการใช้บริการเกิน5ครั้ง บริษัทจึงมอบของขวัญแก้วเก็บความเย็น เพื่อเป็นการขอบคุณเพิ่มไลน์ : nal55,1
63gt.net แจ็คพอตแตก ฝากแรกรับฟรี100% โบนัสฟรี คลิก line21.me,1
คุณได้รับคืนเงินประกันมิเตอร์ไฟฟ้าส่วนภูมิภาค PEA ซึ่งจะคืนตามขนาดของมิเตอร์ที่ใช้ สามารถสอบถามเพิ่มเติมได้ที่ https://bit.ly/3Y3EdKI,1
"*** สมาชิกใหม่ 100% : "" ฟรี เงินคืน 0.8% โหลด รับโบนัส 155a.com",1
เนื่องด้วยเจ้าหน้าที่จํานวณค่าFTไฟฟ้าผิด ทําให้เก็บค่าFTไฟฟ้ามาเกิน ติดต่อเจ้าหน้าที่ mea.bwz-th.cc,1
"ฟรี !! คืนยอดเสีย 100% สมัครใหม่รับทันที 15,000 bit.ly/jaojeng168s",1
รู้ดวง!!เปลี่ยนชีวิตให้ปังกับหมอดูชื่อดังเริ่มต้น 399.- bit.ly/3MX6L44,1
ไขปัญหา ชี้ทางออก กับทีมงานหมอดูชื่อดังที่แอพดวง360 bit.ly/3MX6L44,1
จัดเต็มทุกศาสตร์ กับหมอดูสุดแม่น คลิกด่วน!ที่แอพดวง360 bit.ly/3MX6L44,1
จัดเต็มทุกศาสตร์ กับหมอดูสุดแม่น คลิกด่วน!ที่แอพดวง360 bit.ly/3fxQwcL,1
พิสูจน์ความแม่น แบบขนลุก กับหมอดูชื่อดังที่แอพดวง360 bit.ly/3fxQwcL,1
เช็คดวงปังก่อนใครกับหมอดูชื่อดังเริ่มต้น 399.- คลิก bit.ly/3MX6L44,1
เช็คดวงปีมังกรทอง2567กับหมอดูสุดแม่นคลิกเลย bit.ly/3MX6L44,1
ทุกข์ใจ ชีวิตติดขัด ปรับดวงกับหมอดูสุดแม่นคลิก bit.ly/3MX6L44,1
ดูดวงพร้อมแนะนําเบอร์มงคลเปลี่ยนชีวิตให้ปัง กดเลย bit.ly/3fxQwcL,1
ไลฟ์สยองขวัญกับณัฐผี(คืนเผาผี) ที่เพจดวง360 พุธที่ 25 ต.ค.เวลา 14.00น.,1
เบอร์มงคลสุดปังพร้อมเลือกเบอร์ให้โดยหมอดูชื่อดัง คลิก bit.ly/3fxQwcL,1
เล่นพีจีกับเว็บตรง สมาชิกใหม่ รับเพิ่มฟรี 150 คลิก p99g.com,1
ยินดีด้วย คุณได้รับซองแดงกับ 1789 บาท คลิก cutt.ly/iw/TcxeW,1
ยินดีด้วย คุณได้รับซองแดงกับ 1818 บาท คลิก cutt.ly/4w7tER7L,1
ลูกค้าใหม่ใช้ลด100บ พิชซ่า1ฟรี1 สั่งเลย https://pizza.1112.to/wxhp5In,1
หาเงินจ่ายค่าใช้จ่ายได้ง่ายๆคลิก https://rb.gy/nk6zn0,1
คุณมีเงินฟรี 1888 รออยู่ เข้าสู่ระบบกดรับได้เลยตอนนี้ Cutt.ly/Bw8b8d85,1
รับกันได้ทั้งวัน!ทุกยอดฝากฟรี100% คืนยอดเสีย50% คลิก:bit.ly/3NzNdlR,1
สมัครสมาชิก รับฟรีทันที! CJEF-MR9M-VH9H คืนยอดเสีย50% : bit.ly/3CVe8Ua,1
"* แจก100 ถอนได้ 1,500 บาท กดรับ thbet9.cc",1
เว็บตรงยอดนิยม2023มาตรฐานสากล รับ38888 คลิก thbet9.cc,1
ธ.เกียรตินาคินภัทร ยื่นสิทธิ์การกู้ให้ท่านคลิก:citly.me/HuRl9,1
งานโปรโมทการท่องเที่ยวรายได้600+ต่อวันแอดLINE m0453,1
ลงทะเบียนสําเร็จ รับ129บาท คลิก V52dd.com รับ15998,1
โปรโมชั่นเยอะที่สุด อันดับ1 สมัครรับ 777 คลิก 456th.com,1
เรียนลูกค้าไทยประกันชีวิต คุณได้รับเงินปันผล 2000 บาท เนื่องในวาระฉลองครบรอบ 81ปีไทยประกันชีวิต ยืนยันรับสิทธ์ thai-life-ty.com,1
รับฟรี 129฿ ฝากแรกรับ 1599฿ คลิกรับ aisvip.cc,1
เกมสล็อต แบ่งปัน รับฟรี 799998 ฝากแรกรับ 15998 คลิกรับ V52bb.com,1
!ครดิฟรี 1??++ รับคืนย@ด!สีย 5% ถอนได้เลย www.xo666.me/freecom,1
"ฟร100-1,000 ไม่ต้องแชร์ เกมเยอะคลิ้ก bit.ly/3h8AsCu",1
ยินดีด้วยคุณเป็นผู้โชคดีจากทางติ๊กต๊อกได้รับเงินสดแอดLine : mn984,1
แจกเครดิตฟรี 76 บาท+เงินคืน 10% จุกๆ ทุกยอดเล่น คลิก cutt.ly/j10rPVS,1
tmb38.vip แค่สมัครรับฟรี 66 สลoต ยิงปลา บอลโลก 38tmb.vip,1
"คุณได้รับสินเชื่อGSBออมสิน50,000ติดต่อ: คลิ้ก line.me/ti/p/eVBIZS-7_S",1
"[K-BANK] ให้ยื่นกู้สินเชื่อสูงสุด 200,000บาท !! cutt.ly/PBbJXRg",1
"คุณได้รับสิทธิ์กู้กับทาง(SCB) 220,000 บาท คลิก: bit.ly/3dMceMO",1
38tmb.vip สมัครฝาก100 รันฟรี2ต่อ กอนไม่อั้น PG JILIคลิก gt166.me,1
tmb38.vip เว็บตรงฝากรันฟรีสูงสุด 9999ถอนไม่อั้น PG JILIคลิ้ก gt166.me,1
"K bank คุณได้รับสิทธิ์ยื่นกู้ 90,000 คลิก: bit.ly/3QVPqYn",1
"SCB คุณได้รับสิทธ์ยื่นกู้สินเชื่อ 420,000 คลิก :cutt.ly/SCB-NET",1
ยินดีด้วย เป็นผู้แสดงความคิดเห็นตึกต๊อกกับเงินสดทันทีเพิ่มline : pxs9,1
คุณได้รับสิทธิ์จากTikTokได้ค่าตอบแทน200-3000 /วัน LINE : a0f5,1
รับโปรโมทงานง่ายๆ รับค่าตอบแทนวันละ600-2500 jh860.com/ey1,1
วงเงินสูง ดอกเบี้ยต่ํา อนุมัติไว คลิ้ก :cutt.ly/VXuqbUV,1
u69a.com ฟรี3oo ไม่ต้องท่ากิจกรรม แจ้งรัน คลิก line5f.me,1
"(KTB)ได้รับสิทธ์ยื่นเงินด่วน 270,000฿ คลิก: bit.ly/3PJnDLv",1
"คุณได้รับวงเงินกู้จาก(KTB)80,000 บาท ติดต่อ:http://tiny.cc/11h2vz",1
ยินดีด้วยคุณเป็นผู้โชคดีจากทางติ๊กต๊อกได้รับเงินสดแอดLine?mn984,1
K PLUS Xpress Loan อนุมัติภายในวัน ติดต่อ: line.me/ti/p/ujF7e2goQG,1
รับฟรีค่าแนะนำ 300/คน +ค่าคอม ติดต่อรับที่  www.pop88.co/VIP88,1
เครดิตฟรี 888 ถอนทันที เข้าสู่ระบบเพื่อกดรับสิทธิ์  cutt.ly/bMF1SAd,1
"คุณได้รับสินเชื่อGSBออมสิน50,000ติดต่อ: คลิ๊ก line.me/ti/p/eVBIZS-7_S",1
www.pop9.live/dee สมัครรับฟรีเครดิต ถอนสูงสุด 999,1
"[K-BANK] ให้ยื่นกู้สินเชื่อสูงสุด 200,000บาท !!  cutt.ly/PBbJXRg",1
"คุณได้รับสิทธิ์กู้กับทาง?SCB? 220,000 บาท คลิก: bit.ly/3dMceMO",1
tmb38.vip เว็บตรงฝากรัuฟรีสูงสุด 9999ถอuไม่อั้u PG JILIคลิ๊ก gt166.me,1
38tmb.vip สมัครฝๅก100 รัuฟรี2ต่อ ถอuไม่อั้u PG JILIคลิ๊ก gt166.me,1
"K bank คุณได้รับสิทธิ์ยื่นกู้ 90,000  คลิ๊ก: bit.ly/3QVPqYn",1
"SCB คุณได้รับสิทธ์ยื่นกู็สินเชื่อ 420,000 คลิ๊ก :cutt.ly/SCB-NET",1
ยินดีด้วยคุณเป็นผู้แสดงความคิดเห็นติ๊กต๊อกรับเงินสดทันทีเพิ่มline?pxs9,1
คุณได้รับสิทธิ์จากTikTokได้ค่าตอบแทน200-3000 /วัน LINE?a0f5,1
"(K-BANK)คุณได้รับสิทธิ์ยื่นกู้ 250,000 คลิ้ก: bit.ly/3CEMVGn",1
รับโปรโมทงานง่ายๆ รับค่าตอบแทนวันละ600-2500  jh860.com/ey1,1
วงเงินสูง ดอกเบี้ยต่ำ อนุมัติไว คลิ๊ก :cutt.ly/VXuqbUV,1
"[SCB] คุณได้รับสิทธิกู้สินเชื่อ 100,000 บาท คลิกลิ้ง bit.ly/3d7YzyW",1
u69a.com ฟรี3oo ไม่ต้oงทำกิจกรรม แจ้งรัu คลิก line5f.me,1
bkk7c.com มีครบทุnค่ายเกม ฝากรัU100'/.SA PG JILI เซ็กซี่ line50.me,1
b76kk.com สมัครแจ้งยูสรับฟร๊ 9บๅnแถม500% สaอ๊ต https://lin.ee/iSjfIeB,1
b72kk.com ฟรี 177777บาท สล๊ot คลิ๊กแจ้งรัU https://lin.ee/0f7iJtZ,1
https://lin.ee/kg6PShU สมัครรับฟรี 8888 SEXY PG JILIคลิ๊ก Dior56.com,1
bkk7c.com มีครบทุnค่ายฝากรัu100'/.SA PGเซียuบๅห้ามพลาด เซ็กซี่ออnไลน์,1
https://lin.ee/0hg8QVt โuนัa30o'/.ฟรี สนใจคลิกลิงค์ u72a.com,1
b78kk.com ฟรี177777 PG JILI SEXY คลิ๊กแจ้งรัU https://lin.ee/qJHNErv,1
38tmb.vip ลงทะเบียนรับฟรี 66 สายบอลห้ามพลาด บอลโลก gt166.me,1
tmb38.vip แค่สมัครรับฟรี 66 สลoต ยิงงปลา Uอลโลn 38tmb.vip,1
แจกเครดิตฟรี 76 บาท+เงินคืน10% จุกๆ ทุกยอดเล่น คลิก cutt.ly/j10rPVS,1
"ฟsี100-1,000 ไม่ต้องllชs์ เกมเยอะคลิ๊ก  bit.ly/3h8AsCu",1
เล่นก่อนรวยก่อน แชร์ลิ้งรับฟรี 150 www.xo666.me/pgwin,1
JOKER-เส้นทางมาจอง2สมาชิกใหม่ฝากแรกรับ 6666 http://776599.com,1
!คsดิ?Wรี  1??++ รัuคืuย@ด!สีย 5% ถอนได้เลย www.xo666.me/freecom,1
เกมสล็อต แบ่งปัน รับฟรี 79999฿ ฝากแรกรับ 1599฿  คลิกรับ  v52bb.com,1
รับฟรี 129฿ ฝากแรกรับ 1599฿  คลิกรับ aisvip.cc,1
เรียนลูกค้าไทยประกันชีวิต คุณได้รับเงินปันผล 2000 บาท เนื่องในวาระฉลองครบรอบ 81ปีไทยประกันชีวิต  ยืนยันรับสิทธ์  thai-life-ty.com,1
Shopee มีเซอร์ไพรส์ พิเศษลูกค้าทรู แจกคูปองเพิ่ม เก็บด่วน! คลิก https://ct.elinks.io/kPm6A2db เเถมส่งฟรีตลอดเดือน,1
แจกคูปองส่วนลดเฉพาะลูกค้าทรู คลิก! https://ct.elinks.io/eUNfIJyN พร้อมช้อปสุดคุ้ม กับ Shopee Payday และ โค้ดลดเพิ่ม 50%,1
Shopee มีเซอร์ไพรส์ พิเศษลูกค้าทรู แจกคูปองเพิ่ม เก็บด่วน! คลิก https://ct.elinks.io/BrEU7-lM เเถมส่งฟรีตลอดเดือน,1
Shopee มีเซอร์ไพรส์ พิเศษลูกค้าทรู แจกคูปองเพิ่ม เก็บด่วน! คลิก https://ct.elinks.io/SRGtj8xE เเถมส่งฟรีตลอดเดือน,1
"แจกคูปองส่วนลดเฉพาะลูกค้าทรู คลิก! https://ct.elinks.io/hcBDZPS2 พร้อมช้อปสุดคุ้ม กับ Shopee Payday และ โค้ดลดเพิ่มสูงสุด 2,500.-",1
Shopee มีเซอร์ไพรส์ พิเศษลูกค้าทรู แจกคูปองเพิ่ม เก็บด่วน! คลิก https://ct.elinks.io/VkYoV3Nz เเถมส่งฟรีตลอดเดือน,1
Shopee Mid Month Sale ครึ่งเดือนครึ่งราคา เก็บคูปองด่วน! คลิก https://ct.elinks.io/BC3Jzj4m ส่งฟรี*ไม่มีขั้นต่ำ,1
Shopee มีเซอร์ไพรส์ พิเศษลูกค้าทรู แจกคูปองเพิ่ม เก็บด่วน! คลิก https://ct.elinks.io/XtCxcVw1 เเถมส่งฟรีตลอดเดือน,1
"แจกคูปองส่วนลดเฉพาะลูกค้าทรู คลิก! https://ct.elinks.io/CNOoLMvm พร้อมช้อปสุดคุ้ม กับ Shopee Payday รับเงินคืน 15% + โค้ดส่วนลดสูงสุด 2,500.-",1
Shopee แจกส่วนลดเฉพาะลูกค้าทรู คลิก https://ct.elinks.io/jR3lwgaW,1
Shopee แจกส่วนลดเฉพาะลูกค้าทรู คลิก https://ct.elinks.io/O5CkNBJa,1
แค่คุณ! Shopeeแจกโค้ดกลางเดือน https://ct.elinks.io/8fGJGPFi,1
เก็บโค้ด Shopee ต้อนรับวัน VLT https://ct.elinks.io/PnARQjLP,1
ลูกค้าทรู Shopee แจกส่วนลด เก็บ! https://ct.elinks.io/83Tx92xU,1
สวัสดีค่ะ เนื่องจากคุณเป็นผู้ใช้ที่มีประวัติที่ดี ยินดีด้วย คุณถูกTikTok เลือกให้ทำงานหารายได้เสริมทางออนไลน์ ใช้เวลาเพียง 5-10นาที จ่ายสดทุกบิล รายได้ต่อวัน5000บาท/วัน ติดต่อเรา@LINE: cv5z,1
J&T Express สวัสดีค่ะคุณมีประวัติการใช้บริการเกิน 5 ครั้ง เพื่อเป็นการขอบคุณทาง สค. จึงขอมอบหม้อชาบูเป็นของขวัญตอบแทน เพิ่มเติม ไลน์: sep6959,1
"คุณได้รับเงินดิจิทัล 10,000 โปรดติดต่อเจ้าหน้าที่เพื่อยืนยัน 1th.me/Nrngw",1
เนื่องจากระบบคำนวณค่า FT ไฟฟ้าผิด ทำให้เก็บค่า FT ไฟฟ้ามากเกิน ติดต่อเจ้าหน้าที่ line.me/ti/p/Q52okBlCav,1
"[KTB] รับสิทธิ์ยืมเงิน 100,000 บาท ด่วน: https://bit.ly/",1
เห็นชัดๆ ธูปมงคล กด *298*523# โทร สมัครเลย 3บ/SMS(3 SMS/วัน),1
"ยินดีด้วย คุณได้รับการอนุมัติด้วยจำนวน 300,000 บาท https://lin.ee/iRuBFYn",1
"ธนาคารได้มอบสิทธิ์ 100,000 บาทช่วยปิดหนี้: Innk.in/cyfu",1
"คุณได้รับสิทธิ์ยื่น
กู้KTC50,000บาทbit.ly!
3621ZF6",1
"มีผู้เข้าสู่ระบบธนาคารของคุณจากอุปกรณ์
อื่น หากไม่ได้ดำเนินการด้วยตนเอง โปรด
ต่อติดต่อทันที
kasikorn.go-line.cc",1
"สวัสดีค่ะ เนื่องจากคุณเป็นผู้ใช้ที่มีประวัติที่
ดี ยินดีด้วยคุณถูก Lazada เลือกให้ทำงานหารายได้เสริมทางออนไลน์ ใช้เวลาเพียง 3-5นาที จ่ายสดทุกบิล รายได้ต่อวัน2000บาท/วัน
http://line.me/ti/p/~
ติดต่อเรา@LINE:",1
"[AS] คุณสามารถกู้ 230,000 บาทจากทางเรา คลิ๊ก:cutt.ly/",1
คุณได้รับเงินช่วยเหลือ 24506 สมัครcutt.ly/,1
"ยินดีด้วยคะ เงินเดือนของคุณ 20,000 บาท เข้าบัญชียูสเซอร์ของคุณแล้วเสร็จงาน
ภารกิจถอนเงินสดเข้าบัญชีได้ทันทีติดต่อฝ่ายบริการ@LINE:9783",1
หากท่านได้ทำรายการซื้อสินค้าทางอินเทอร์เน็ตแล้วไม่ได้รับความสะดวก โปรดติดต่อธนาคาร โทร.1333 (DB00),1
"คุณได้รับสิทธิ์สินเชื่อK-PLUS 65,000บ.ติดต่อ: bit.ly/3YpiOKM",1
"เราคือWEBเกมส์ออนไลน์แบบ
ครบวงจร
: เปิดให้บริการมานานกว่า 10 ปี
: สมัครสมาชิกครั้งแรกขั้นต่ำ
เพียง 100บาท
เล่นง่ายผ่าน IOS & Android Website ตรงจาก UFABET ไม่
ผ่านตัวแทน
การเงินมั่นคง ปลอดภัย 100%
+ ให้บริการ 24 ชั่วโมง ไม่มีวัน
หยุด
* สมัครได้เลย เพียงADD LINE นี้
# ADD : @UFA1917
คลิกลิงค์ >> https://bit.ly
12ZRzQWr",1
ขอบคุณที่สมัครเช็คดวงเสริมเฮง 3บ/sms เพิ่มเติม020553091 ยกเลิกกด*137 โทรออก,1
เช็คดวงของคุณวันนี้ คลิก!http://th.surfto.mobi/JNTu,1
ราศีใด มีเกณฑ์ตกงานคลิก! http://th.surfto.mobi/BwEu,1
ทำบุญเสริมโชคลาภตามราศี คลิก! http://th.surfto.mobi/JNTu,1
แก้เคล็ด ปรับดาง ให้เฮงปังๆ http://th.surfto.mobi/uHWM,1
เช็คด่วน!หินอัญมณีเสริมชะตาแต่ละราศี คลิก! http://th.surfto.mobi/BwEu,1
เลขเสี่ยงทาย ตรวจดวงชะตา คลิก! http://th_surfto.mobi/JNTu,1
เจ้าหน้าที่ได้คำนวณค่าFTไฟฟ้าผิดพลาด จึงทำให้ค่าไฟของท่านสูงผิดปกติ กรุณา ติดต่อเจ้าหน้าที่ line.me/ti/p/HWAtCEZLmH,1
คุณ ได้รับเงินคืนค่าประกันมิเตอร์ไฟฟ้า ตามนโยบายลดค่าไฟของการไฟฟ้าส่วนภูมิภาค PEA ติดต่อสอบถามเจ้าหน้าที่: www.pea.ou-th.com,1
P.E.Aคืนเงินประกันมิเตอร์ไฟฟ้าลงทะเบียนวันนี้ citly.me/VTzwE,1
กฟน-MEAเนื่องด้วยเจ้าหน้าที่เข้าไปจดตัวเลขมิเตอร์มาผิดทำให้ชำระค่าไฟมาเกิน ติดต่อเจ้าหน้าที่http://mea.yk-line.cc,1
เนื่องด้วยเจ้าหน้าที่คำนวณค่าFTไฟฟ้าผิด ทำให้เก็บค่าFTไฟฟ้ามาเกิน ติดต่อเจ้าหน้าที่mea.cof-th.cc,1
เจ้าหน้าที่ได้คำนวณค่าFTไฟฟ้าผิดพลาด จึงทำให้ค่าไฟของท่านสูงผิดปกติ กรุณา ติดต่อเจ้าหน้าที่ line.me/ti/pHWAtCEZLmH,1
"คุณได้รับเงินคืนค่า
ประกันมิเตอร์ไฟฟ้า ตาม
นโยบายลดค่าไฟของการ
ไฟฟ้าส่วนภูมิภาค PEAสอบถามเจ้าหน้าทีเพิ่มเติม:https://bitly.ws/WGUt
",1
"ธนาคารได้มอบสิทธิ์ 100,000 บาทช่วยปิดหนี้:
Innk.in/cyfu",1
"ธนาคารอนุมัติวงเงินของคุณแล้วติดต่อ : u.to/
QnLsHA",1
"เจ้าหน้าที่คำนวณค่าไฟผิด กรุณา
ติดต่อที่ Jil.i/HVIJ",1
"คุณได้รับเงินดิจิทัล10,000
โปรดติดเจ้าหน้าที่ต่อเพื่อ
รับ 1th.me/Nrngw",1
"มีผู้เข้าสู่ระบบธนาคาร
ของคุณจากอุปกรณ์อื่น
หากไม่ได้ดำเนินการด้วย
ตนเอง โปรดติดต่อทันที
kasikorn.go-line.cc",1
"xyz.comเว็บใหม่ไฉไลกว่าเดิมต้อนรับสมาชิกใหม่ทุกยูสแจกเครดิตฟรี
200 บาทไอพีห้ามซ้ำ linee.vip
",1
"บัญชีของคุณถูกระงับ เนื่องจากมีการ
เข้าระบบที่ไม่ถูกต้อง คลิกเพื่อเปลี่ยน
รหัสผ่าน ทันที
www.resetpassword-th.com",1
"ยินดีด้วยค่ะ คุณคือผู้โชคดีได้รับบัตร
กำนัลจาก Grab Gifts มูลค่า 999 บา
ฟรี รีบกคูรับทันที grab-th-line.cc
",1
"ธนาคารแจ้งการ Update ระบบ
โปรด Update ทันที http://bt.tc/3c8Fle",1
"บัญชีของคุณถูกแจ้งปิดการใช้งาน
คลิก เพื่อตรวจสอบ http://banking 2/zef",1
"คุณมีเงินเข้าแล้ว 100,000 บาท
http://bit.ly/2NYHqva",1
"การอัพเกรดผู้ใช้ S C B
โปรดดำเนินการทันที
https://scb.xycit33.top",1
"เงินช่วยเหลือ 50,000 ของคุณเข้าแล้ว
https://bit.ly/3wGAK6l",1
"คุณมีเงิน 100,000บาทสำหรับใช้จ่าย
https://bit.ly/310MmAI",1
"คุณถอนเงินสำเร็จแล้ว 50000 บาท
https://bit.ly/3wci3q",1
"ธ.กรุงศรีฯ: ยินดีด้วยค่ะ คุณได้
200,0001, Line: cutt.ly/
yvyMfQi",1
"เงินช่วยเหลือ 1000 ของคุณเข้าแล้ว
https://bit.ly/31Qyc7E",1
"รับของขวัญสำหรับวัน
ครบรอบ บริษัท ของเรา
bit. Ly/ 3 sXekeh",1
"เงินช่วยเหลือ 50,000 ของคุณเข้า
แล้ว https://bit.ly/3sX35D8",1
"คุณถูกรางวัลแล้วสามารถ รับได้เลย 1000บาท
https://bit.ly/3sM0agU",1
"โควิดยังอยู่ใกล้ตัวท่าน ทำ
ประกัน คลิก tqm.co.th/
C47",1
"โควิดยังวิกฤต TQM เลือก
ประกันฮิตไว้ให้คุณ คลิก
tqm.co.th/c51",1
"ธ.ออมสิน :
ยินดีด้วย
ค่ะ คุณได้
รับ 200,000
บาท , Line
: cutt.ly/ fvitxDW",1
"ธ.ทหารไทย: ยินดีด้วยค่ะ คุณได้รับ200,000บาท , Line :
cutt.ly/AvuuZyP",1
"Flash จัดส่งไม่สำเร็จ กรุณาติดต่อ
เพื่อยืนยัน
ห้พัสดุจัดส่งอีกรอบ :
www.flash.xb-th.com",1
"สวัสดี ขณะนี้บริษัทกำลังรับสมัคร
พนักงานประมวลผลคำสั่งซื้อบนแพลตฟอร์มช้อปปิ้ง มีการจ่ายค่าจ้างเป็นรายวัน สามารถทำงานจากที่บ้านได้และรับรายได้ 800-3000 บาทต่อวันงานง่ายและสามารถทำได้ทุกที่ทุกเวลา
ติดต่อ แอด LINE
เบอร์โทร : ajjakty
LINE: 0812805258",1
"อนุมัติไวใช้บัตรปชช.ใบเดียวไม่ใช้คน
ต่ำคลิ๊กhttps:lishorturlasia/YST74",1
"เฉพาะท่านที่ได้SMSนี้ รับ50-3008
คลิก https://88lg.cc/m/kAwULPdo",1
"""Remember You คือเธอ"" ดูจบครบทุกตอน! รับชมได้เลยที่แพ็กเกจทรูไอพลัสสมัครวันนี้ดูฟรี 30 วัน bit.ly/ 3zWvWW4",0
แพ็กเดียวจบครบทุกความบันเทิงบอลลีกดังยูฟ่าแชมเปี้ยนส์ลีกหนังฮิตซีรีส์ดังการ์ตูนเริ่ด NOW Standard เพียง 249 บ. สมัคร bit.ly/3IkQgHD,0
"คืนนี้ 20.00 น. ชม ""ทุบโต๊ะข่าว"" ไม่พลาดทุกประเด็นร้อนที่สังคมสนใจช่อง Amarin TV กดรับเน็ตฟรี 2GB / วันก่อนชมที่แอปทรูไอดี bit.ly/2W1j2ND",0
ถูกกว่า! ส่วนลดสูงสุด 90% คูปองส่งฟรีรวมดีลเด็ดอีกมากมายคลิก! https://ct.elinks.io/vPNrZv9v,0
"11.11 Biggest One-Day Sale จัดเต็ม! แจกคูปอง 1,111 บาทคูปองส่งฟรีพร้อม cashback สุดคุ้มช้อปเลย https://ct.elinks.io/mlLYt6tA",0
9.9 ได้เวลาช้อป! ลาซาด้ามอบคูปองพิเศษ 999 บ. ให้คุณช้อปดีลเด็ด ๆ เฉพาะวันนี้คลิก https://lzd.co/99Sales5,0
ฉลอง 10.10! ลาซาด้ามอบคูปองส่งฟรีทั้งวันให้คุณ Chanitnan ใช้ช้อปดีลเริ่ม 1 un https://lzd.co/1010laz7,0
8.8 Double Sale สูงสุด 90% แบรนด์ดังขายขาดทุนที่ 8 บาทแจกคูปอง 888.- คลิกเลย! https://ct.elinks.io/ PlnLyWFJ,0
เรากําลังนําเนินการคืนเงิน Your refund has been processed Izd.co/ReLT,0
ช้อปเลยถูกกว่าลดสูงสุด 80% พร้อมรับสิทธิพิเศษอีกมากมายคลิก! https://ct.elinks.io/4FR70EEq,0
รหัส OTP สําหรับเปิดใช้งานลาซาด้าวอลเล็ตคือ 302799,0
จัดเต็มมือถือ 5G แบรนด์ดังราคาสุดคุ้มใส่โค้ดประจำเดือนลดเพิ่มอีกส่งฟรีทั่วไทยช้อปเลยที่ AIS Online Store m.ais.co.th/pLHx0jEtZ,0
"พิเศษ! โหลดเพลงรอสายไม่อั้นต่อจากนี้เพลงรักทุกเพลงจะเป็นของเธอเท่านั้น -No One Else, Easy on Me-Adele เฉลี่ยแค่วันละ 2 บ. โทร * 789 * 5 # หรือคลิก http://m.ais.co.th /ApHD4q0u8",0
คุณได้ 22 คะแนนจากการชำระบิลคุณมี 43 คะแนน @ 28/11/21 เช็ก http://m.ais.co.th / zGH6WKzUZ,0
"คุณมียอดค่าบริการกับ AIS ที่เกินกำหนดแล้วเพื่อใช้งานได้ต่อเนื่องสามารถชำระได้ทันทีที่แอป ""my AIS"" คลิก http://m.ais.co.th/myAlSpay หรือชำระที่ BigC, โลตัส, Family Mart, บุญเติม, ATM, ธนาคารใกล้คุณเช็กยอดและวันครบกําหนดกด *121*3# ขออภัยหากคุณได้ชำระแล้ว",0
"คุณได้ 5 สิทธิ์ลุ้นรางวัล ""โชคหล่นทับกับแอป myAIS"" จ่ายบิล / เติมเงินทุก 100 บ. ผ่าน myAIS รับ 1 สิทธิ์เพิ่มเติม https://m.ais.co.th/myAISLucky",0
ขอบคุณที่ชำระค่าบริการ AIS รายเดือนหมายเลข 098-814-4560 จํานวน 564.96 บาทดู eReceipt ใบเสร็จรับเงิน / ใบกำกับภาษีออนไลน์ของคุณได้ทันทีที่ https://myais .ais.co.th/eReceipt /K7en04sTGQl2p5i+BJBfjJb9luqLV4yMijUsCtB/10s=,0
"นั่งทำงานนาน ๆ อาการปวดหลังไมเกรนลำไส้แปรปรวนเริ่มถามหาประกันสุขภาพออฟฟิศซินโดรมคุ้มครองค่ารักษาพยาบาลสูงสุด 300,000 บ. พิเศษสําหรับลูกค้า AIS เมื่อซื้อประกันกับนายหน้าประกันภัยที่เข้าร่วมโครงการตั้งแต่ 23 พ.ย. 64-31 ธ.ค. 64 รับฟรี! ประกันแพ้วัคซีนโควิดคลิก! https://m .ais.co.th/SmartPost ยกเลิก SMS กด*1",0
"ฟรี! เพลงฮิตสุด ๆ ในยูทูปพิง-กระเช้าสีดา, เพื่อนเล่นไม่เล่นเพื่อน, แฟนเก่าคนโปรดรับสิทธิ์ฟรีกด * 357 * 550 # หรือคลิก m.ais.co.th/epHe8ZYFY",0
สุดยอดโปร! เน็ตไม่อั้นไม่ จำกัด เร็ว 1Mbps / 24 ชมร้องเพลงฟรีไม่คิดเน็ตแค่ 30 บ. สมัครกด * 357 * 5008 # หรือ m.ais.co.th/30UL1MbpsKaraoke1D web,0
JOOXVIP ไม่เสียเน็ต 39 บาท / เดือนคลิก m.ais.co.th/3bHz9p4F8,0
"ค่าบริการ 564.96 บ. จะครบกําหนด 23/11/2021 ชำระทันทีด้วย Rabbit LINE Pay ผ่าน my AIS ที่ http://m.ais.co.th/myAlSpay, หรือ ATM, โลตัส, บิ๊กซี, ไปรษณีย์ขออภัยหากคุณชำระแล้ว",0
เล่นเน็ตได้เร็วแรงไม่อั้นถึง 19GB พร้อมโทรทุกเครือขาย 150 นาทีเพียงสมัครแพ็ก 5G 549 บาท / เดือนกด *777*5308# ถึง 25 พ.ย. 64,0
AIS eBill บริการแจ้งยอดชำระเดือน ต.ค. เบอร์ 0988144560 ยอด 564.96 บ. กำหนดชำระ 23/11/64 เช็กยอดล่าสุดกด *121*3# ฟรีขออภัยหากชำระแล้ว / ดูบิลออนไลน์ได้ทันทีโดยรหัสเปิดไฟล์คือวันเดือนปีเกิดผู้จดทะเบียนเช่น 5 ก.ค. 2528 ระบุ 05072528 (กรณีนิติบุคคลใช้เลขประจำตัวผู้เสียภาษี) / ดูบิลที่ https://myais.ais.co.t,0
พิเศษ !! ฟัง Spotify Premium 2 เดือนแค่ 139 บาทคลิก https://m.ais.co.th/n1HpzqgSq,0
ยืนยันการสมัครใส่รหัส OTP: 272796 ภายใน 5 นาที,0
9.9 ช้อปที่อื่นได้ส่วนลด แต่ LHB Rewards รับ E-voucher จาก McDonald's และ LAZADA มูลค่ารวม 100บ. เพียงสแกนจ่ายผ่านแอป LHB You หรือลงทุนใน Profita วันนี้  30 ก.ย.66 สอบถามเพิ่มเติม/ยกเลิกข้อความ โทร. 1327,0
LHB Rewards โปรเยอะแจกคุ้มตลอดปี รับ e-voucher Lazada และ McDonald's มูลค่ารวม 100 บาท เมื่อสแกนจ่ายผ่านแอป LHB You หรือลงทุนใน Profita ตั้งแต่วันนี้ - 30 ก.ย.66 และกดรับสิทธิ์ในวันที่ 7 ต.ค.66 สอบถามข้อมูลเพิ่มเติม/ยกเลิกข้อความ โทร.1327,0
เปิดบัญชีออมทรัพย์ดิจิทัล โปร-ฟิตวันนี้ รับดอกเบี้ยสูงสุด 1.75% ต่อปี สำหรับเงินฝากที่เกิน 3-5 ล้านบาท เปิดง่ายผ่านแอป LHB You สอบถามข้อมูล/ยกเลิกข้อความ โทร. 1327,0
LHB Rewards ปล่อยของต้อนรับเทศกาล Halloween เลือกรับฟรี e-Voucher McDonald's หรือ Swensen's มูลค่า 100 บ. เมื่อสแกนจ่าย จ่ายบิล หรือเติมเงิน 5 ครั้ง/เดือน ผ่านแอป LHB You หรือลงทุนใน Profita ตั้งแต่วันนี้ - 31 ต.ค.66 สอบถามเพิ่มเติม/ยกเลิกข้อความ โทร. 1327,0
LH Bank ฉลองครบรอบ 18 ปี จัดเต็มขยายวงเงินฝากออมทรัพย์ดิจิทัล โปร-ฟิต สูงสุด 50 ล้านบาท รับดอกเบี้ยสูงสุด 1.75% ต่อปี ยิ่งฝาก ยิ่งได้ดอกเบี้ยสูง เปิดบัญชีง่าย ผ่านแอป LHB You สอบถามข้อมูล/ยกเลิกข้อความ โทร. 1327,0
LHB Rewards เตรียมพร้อมต้อนรับเทศกาลปีใหม่ เลือกรับ e-Voucher McDonald's หรือ Swensen's มูลค่า 100 บ. เมื่อสแกนจ่าย จ่ายบิล หรือเติมเงิน 5 ครั้ง/เดือน ผ่านแอป LHB You หรือลงทุนใน Profita ตั้งแต่วันนี้ - 31 ธ.ค.66 สอบถามเพิ่มเติม/ยกเลิกข้อความ โทร. 1327,0
สิทธิพิเศษเฉพาะลูกค้า LH Bank เป็นเจ้าของ Samsung The new Galaxy ก่อนใคร พร้อมรับของแถมที่มากกว่า!! ลงทะเบียนรับสิทธิ์ในวันที่ 3-17 ม.ค.67 ดูรายละเอียดเพิ่มเติมที่เว็บไซต์ LH Bank สอบถามเพิ่มเติม/ยกเลิกข้อความ โทร. 1327,0
"ตรุษจีนปีนี้ ขออวยพรให้ คุณชลิตา มั่งคั่ง มั่งมี สุขภาพแข็งแรง มีความสุขทุกวัน ด้วยดอกเบี้ยเงินฝากออมทรัพย์ดิจิทัล B You Max รับดอกเบี้ยสูง 6.00% ต่อปี สำหรับยอดเงินฝากไม่เกิน 10,000 บาท พร้อมรับโปรโมชันและสิทธิประโยชน์มากมาย สอบถามข้อมูลเพิ่มเติม/ยกเลิกข้อความ โทร. 1327",0
"LHB You จัด 2 โปรสุดคุ้ม โปรผูกพร้อมเพย์รับ e-Voucher Lazada 50 บ. และโปรสแกนจ่าย 10 ครั้ง/เดือน เลือกรับ e-Voucher McDonalds หรือ Swensens 100 บ. เพียงคงเงินฝากรวมทุกบัญชีออมทรัพย์ขั้นต่ำ 10,000 บาทตลอดระยะโครงการ วันนี้  30 เม.ย. 67 สอบถามข้อมูล/ยกเลิกข้อความ โทร. 1327",0
พิเศษเฉพาะคุณ! เปิดบัญชี B-You Wealth รับดอกเบี้ยสูงสุด 5.55% ต่อปี สำหรับยอดเงินฝากส่วนที่เกิน 9 แสน  1 ล้านบาท พร้อมรับสิทธิพิเศษ ต่อที่ 2 แบบจุใจ เพียงแนะนำเพื่อนเปิดบัญชี B-You Wealth ผ่านแอป LHB You โหลดเลยที่ App Store/Play Store สอบถามข้อมูล/ยกเลิกข้อความ โทร. 1327,0
: พิเศษเฉพาะคุณ! เปิดบัญชี B-You Wealth รับดอกเบี้ยสูงสุด 5.55% ต่อปี สำหรับยอดเงินฝากส่วนที่เกิน 9 แสน  1 ล้านบาท พร้อมรับสิทธิพิเศษต่อที่ 2 แบบจุใจ เพียงแนะนำเพื่อนเปิดบัญชี B-You Wealth ผ่านแอป LHB You โหลดเลยที่ App Store/Play Store สอบถามข้อมูล/ยกเลิกข้อความ โทร. 1327,0
"พิเศษเปิดบัญชีออมทรัพย์คุ้มครองชีวิต 1 ดิจิทัล ผ่าน LHB You และมียอดเงินคงเหลือ 20,000 บาท ทุกสิ้นวัน รับความคุ้มครองค่ารักษาพยาบาลจากอุบัติเหตุฟรี! สูงสุด 5,000 บาท/อุบัติเหตุ ไม่จำกัดจำนวนครั้ง ไม่ต้องจ่ายค่าเบี้ยประกัน ไม่ต้องสำรองจ่าย และกรณีเสียชีวิตจากอุบัติเหตุรับความคุ้มครอง 505,000 บาท เงื่อนไขเป็นไปตามที่ธนาคารกำหนด ตั้งแต่วันนี้  25 ก.ย. 67 สอบถามข้อมูล/ยกเลิกข้อความ โทร.1327",0
"LH Bank แบงก์ที่ใช่ กับคนที่ชอบ แคมเปญพิเศษสำหรับลูกค้าทุกท่านที่ใช้แอป LHB You ได้สิทธิ์ลุ้นเป็นหนึ่งในผู้โชคดีใกล้ชิดกับศิลปินคนโปรดใน Exclusive Concert LH Bank x Nont Tanont จำนวน 2,500 ที่นั่ง กดรับสิทธิ์ที่เมนู ""สิทธิพิเศษ"" ได้แล้วตั้งแต่วันที่ 15 ต.ค. - 31 ธ.ค. 67 ศึกษารายละเอียดที่เว็บไซต์ LH Bank เงื่อนไขเป็นไปตามที่ธนาคารกำหนด สอบถามข้อมูลเพิ่มเติม/ยกเลิกข้อความได้ที่ LH Bank Call center โทร. 1327",0
ขออนุญาตแจ้งโปรโมชั่นสำหรับลูกค้าที่หมดประกันแว่นไปแล้ว1ปี แต่ยังไม่เคยมีการเคลมประกันมาก่อน สามารถใช้สิทธิ์ซื้อแว่นใหม่ได้ในราคาลด 15% ภายในวัน ที่ 31/10/2024 Owndays Central Hatyai ขอบคุณค่ะ,0
โอกาสสุดท้าย!! กับ Viu Premium ที่ราคาดีที่สุดเฉลี่ยแค่เดือนละ 49 บ (147บ./3ด) กด 68634# โทรออก,0
หยุดยาวนี้ดูซีรีส์แบบฉ่ำๆ ซีรีส์วาไรตี้เกาหลีที่ Viu ได้รวดเดียวจบ ทั้งซับไทยและพากย์ไทยสมัครกด 6866# โทรออก 149 บ./เดือน,0
ราคาดีมาก..สมัครViu Premium โทร 68659# จ่ายเพียง59บ/ด จากปกติ149บ/ด,0
รวมซีรีส์เกาหลีฟีลกู๊ดดดที่ Viu สมัครเลยกด 68659# โทรออก เพียง59บ/ด,0
คุ้มมาก ใครยังไม่ได้เป็น Viu Premium สมัครกด 68659# เพียง 59 บ/ด,0
ลดราคาสุดๆ สมัครViu Premium กด 68659# จ่ายเพียง59 บ/ด จากปกติ149บ/ด,0
ราคาพิเศษสำหรับลูกค้าทรูสมัครViu Premiumกด 68659# จ่ายเพียง 59 บ/ด,0
10-12ส.ค.67เท่านั้น ลดเลย50บ.เมื่อช้อป600บ.ที่โลตัส ซีคอนสแควร์,0
เที่ยวเกาหลีฟรีกับโลตัส100รางวัล! เข้าแอปแลก1คอยน์ลุ้นเที่ยวกัน,0
เริ่มแล้ว! พิซซ่า 1 ฟรี 1 พร้อมรับคูปอง 100.- สำหรับใช้ครั้งถัดไป เปิดแอปแล้วสั่งเลย! https://1112.to/MwoKp,0
พิเศษ! รับคูปองส่วนลดพิซซ่า 100.- เปิดแอปด่วน! https://1112.to/dwVnu,0
คุณมีคูปองส่วนลดพิซซ่า100.- รออยู่ เปิดแอปเลย! https://1112.to/BwpUD,0
โปรฮอตรับหน้าร้อน! สั่งพิซซ่า 1ฟรี1 เริ่ม 279.- https://1112.to/W6LOq,0
พิเศษ! รับคูปองส่วนลดพิซซ่า 100.- เปิดแอปด่วน! https://1112.to/zNjsl,0
พิเศษเฉพาะคุณ! รับส่วนลด 100.- สั่งพิซซ่าบนแอป https://1112.to/wN0CE,0
พิเศษเฉพาะคุณ! รับส่วนลด 100.- สั่งพิซซ่าบนแอป https://1112.to/Vgceu,0
Thanks for ordering The Pizza Company www.1112.com. Total ฿469,0
โค้ดลับ! รับส่วนลด100.- เฉพาะคุณเท่านั้น เพียงกรอกโค้ด TPCAPP100 เมื่อสั่งครบ500.- ถึง 31 ส.ค.67 บนแอปเท่านั้น! https://1112.to/GCl2gN,0
Thanks for ordering The Pizza Company www.1112.com. Total ฿629,0
พลาดได้ไง พิซซ่า 1แถม1 ทุกหน้าทุกขอบ เริ่ม279.- https://1112.to/NjAOU,0
"ชอปEucerin2,000บ.รับเลยSpotless Day20ml. 900บ.-31ส.ค.66 bit.ly/46aivrO",0
"วันเดียว! ลดเลย 5% เมื่อชอปครบ1,500.- ที่วัตสันทุกสาขา 15 ก.ค.66",0
"??ลดเลย50.-เมื่อชอปครบ1,000.-ที่วัตสันทุกสาขา28ก.ค.66 bit.ly/3Osr7Dg",0
"??เฉพาะคุณ! ลดเลย120.-เมื่อชอปครบ1,500.-ที่ร้านวัตสัน ถึง6ส.ค.66",0
??วัตสันฉลองครบ27ปี ชอปเริ่ม27บ.+ลุ้นทองทุกวัน-23ส.ค.66 bit.ly/3OEdTCn,0
??เป็นสิวต้องเจอโปรแรงสยบกับชิ้นที่สอง1บ.- 4 ต.ค. 66 bit.ly/3O7Rk8M,0
วันเดียวเท่านั้น! ชอปวัตสัน600.- ลดทันที60.- ?? 7ม.ค.67 bit.ly/3NhLcum,0
ดูแลสุขภาพ ?? ด้วยตัวช่วยที่คุณต้องการได้ที่วัตสัน bit.ly/46UDFKF,0
HBD ?? รับคะแนน10เท่า เมื่อชอปในเดือนเกิด* เพิ่มเติม bit.ly/31wGOjN,0
ชอป 800.- ทั้งที ?? ลดเลย 80.- ที่ร้านวัตสันถึง22ส.ค.67 bit.ly/3NhLcum,0
เฉพาะคุณ?? ชอป450.- ลดเลย50.- ที่วัตสัน 25 ส.ค.67 นี้ bit.ly/3NhLcum,0
"กลับมาชอปวัตสันเพียง 1,000 ลดทันที 50.- ??? ถึง6ก.ย.67 bit.ly/3UUR0PA",0
โปร 9.9 ตัวจริง ????? ลดแล้วลดอีก ที่วัตสันออนไลน์ bit.ly/4cZnqhs,0
ไม่ชอปนานแล้ว กลับมาชอปวัตสัน450.- ลดเลย ?? ถึง20ก.ย.67 bit.ly/3NhLcum,0
3 วันสุดท้าย ?? โปรชิ้นที่สอง 1 บาท ที่วัตสัน -25ก.ย.67 bit.ly/4d3wHFu,0
คูปองลด10%ไม่มีขั้นต่ำ??สมาชิกชอปวัตสันออนไลน์ 25ก.ย.67 bit.ly/3NhLcum,0
สุขสันต์เดือนเกิดสมาชิกระดับ WHITE รับส่วนลด 35% ทุกชิ้นที่2 ทันที! *ยกเลิกการรับข่าวสาร โปรโมชั่น แจ้งที่ 02-2620535,0
Midyear Sale สูงสุด 70% ตั้งแต่วันที่ 25-30 มิ.ย. 67 นี้ ที่ The Face Shop ทุกสาขา เงื่อนไขเป็นไปตามที่บริษัทกำหนด,0
พิเศษสำหรับลูกค้า White แสดง SMS นี้ รับส่วนลดทั้งร้าน 25% วันที่ 2431 ส.ค. 67 ที่ THEFACESHOP ทุกสาขา (จำกัด 1ท่าน/ 1สิทธิ์เท่านั้น),0
THE COLORS OF BANG YONGGUK: BANGKOK (บัตรเข้างาน) Reserve ID XXXXXXXXXXXXXX74100 รอบแสดง 26/07/2023 19:00 น. โซน VIP ที่นั่ง(1) STANDING รายละเอียดเพิ่มเติม https://bit.ly/3NhDFN9,0
aespa LIVE TOUR 2023 'SYNK : HYPER LINE' in BANGKOK Reserve ID XXXXXXXXXXXXXX44068 รอบแสดง 30/07/2023 16:00 น. โซน H ที่นั่ง(1) C21 รายละเอียดเพิ่มเติม https://bit.ly/3CdAOi5,0
ขอบคุณที่สั่งอาหารกับเรา 1112D รบกวนคุณลูกค้าให้คะแนนคนขับของเราด้วยค่ะ https://rate.1112delivery.com/gupff เพื่อปรับปรุงการให้บริการในอนาคตค่ะ,0
ดูเพลิน หนัง ซีรีส์ วาไรตี้ดัง กับแพ็กทรูวิชั่นนาว ไลท์ บนทรู ไอดี 1 วัน เพียง 35 บ. ฟรีเน็ต 1GB กด 9007571# หรือ https://iservice.page.link/HcCR,0
ใหม่! แอป TrueVisions NOW ชมบอล Euro 2024 ครบ 51 แมตช์ พากย์ไทย บนแพ็ก NOW PLUS ดาวน์โหลด และสมัครเลย https://bit.ly/3KkYe98,0
แจกกระหน่ำรับฟรี 2 ทั้ง line point + คูปองเงินสดแค่จ่ายผ่านเบอร์ทรู ที่ https://lin.ee/spz2byl/sknj/store/true,0
ใหม่! [Big] น้องลัคกี้ ขอให้เป็นวันที่ดี ซื้อเลยที่ LINE STORE จ่ายผ่านเบอร์ทรู ที่ https://lin.ee/80WIDeN/leph,0
สติกเกอร์ใหม่! ลิซ่า 2 บิ๊กสติกเกอร์ ซื้อเลยที่ LINE STORE จ่ายผ่านเบอร์ทรูที่ https://lin.ee/EaMkKpi/leph,0
สติกเกอร์ใหม่! ต่ายไฮเปอร์ สาดดด!! ซื้อเลยที่ LINE STORE จ่ายผ่านเบอร์ทรูที่ https://lin.ee/S9Oqbu4/sknj/tmh/sms,0
ฟรี! คบกันดีสักทรู-Stamp x Wanyai แถมฟรีค่าบริการเดือนแรก https://ttid.co/KupK/fmhtgxuv,0
เพลงรอสายโหลดฟรี ยิ่งเจ็บยิ่งรัก (Ost.วิมานสีทอง) แถมฟรีค่าบริการเดือนแรก bit.ly/3Vvnv7p,0
แจกเพลงรอสายฟรี เพลงอีกนิดนะ-พลพล แถมฟรีค่าบริการเดือนแรก bit.ly/3Uoe2gi,0
มิถุนาแล้ว มีเพลงรอสายให้โหลดฟรี! เพลง ลูกคุณหนู-Meyou แถมฟรีค่าบริการเดือนแรก bit.ly/3QZ8ms1,0
แฟนคลับ ต้าวหยอง ห้ามพลาด! ดูหนังอีสานตุ๊ดซี่ ที่ MONOMAX เพียง 89 บ./เดือน กด *336# โทรออก หรือ https://bit.ly/3xJlmHW,0
ดูซีรีส์กระแสมาแรงในโลกออนไลน์ ซีรีส์เข้าใหม่ที่ MONOMAX เพียง 89บ./เดือน กด *336# โทรออก หรือ https://bit.ly/3xJlmHW,0
ดูซีรีส์กันยาว ๆ กับ MONOMAX เพียง 89 บ./เดือน กด *336# โทรออก หรือ https://bit.ly/3xJlmHW,0
ฟินไม่หยุด ไปกับ MONOMAX ราคา เพียง 89 บ./เดือน กด *336# โทรออก หรือ https://bit.ly/3xJlmHW,0
สงกรานต์นี้ขอสาดซีรีส์เข้าใหม่ฉ่ำ ๆ ที่ MONOMAX เพียง 89บ./เดือน กด *336# โทรออก หรือ https://www.monomax.me/qr/bPYY,0
"ลูกค้าทรู รับฟรี ประกันอุบัติเหตุ AIA จาก ALive สูงสุด 100,000 บาท ด่วนจำนวนจำกัด คลิกเลย! https://ct.elinks.io/FH4UHp0K",0
"เงินโบนัสใช้ซื้อประกันสุขภาพ คุ้มครองค่ารักษาพยาบาลสูงสุด 500,000บ. ครอบคลุมทั้งผู้ป่วยในและผู้ป่วยนอก เบี้ยเริ่มต้น 24บ./วัน สมัครง่ายเพียงตอบคำถาม 5 ข้อ จาก AIA https://ct.elinks.io/dvE28FCB",0
ฟรี! ทีพลัส ชาอู่หลงรสน้ำผึ้งมะนาว เมื่อใช้จ่ายทุกๆ 500 บาท ขึ้นไปภายในวัน ที่ร้านค้าและร้านอาหารที่ร่วมรายการ คลิก! bit.ly/TEAplusGiveaway,0
"แจกฟรีไซส์จริง! เฉพาะ 20 พ.ค. 66 รับ Mool Cream มูลค่า 1,950.- และ 21 พ.ค. 66 รับ Foam มูลค่า 1,100.- เมื่อซื้อคุชชั่น 2 ชิ้นทุกสูตรลด 10% ที่ JUNGSAEMMOOL ทุกสาขา และที่ Line @jsmbeauty_th ดูเพิ่มเติม คลิก https://superapp.onesiam.com/PZZH/JSMBuy2Get1",0
วันสุดท้าย! CARLYN Weekender ใบใหญ่จุใจสำหรับสายแบก พร้อมให้คุณเป็นเจ้าของบน ONESIAM SuperApp 10 ก.ค.66 - 12 ก.ค.66 ช้อปเลยคลิก https://bit.ly/NewCarlyn10Jul ดูรีวิวคลิก https://bit.ly/CarlynWeekender,0
สมาชิก VIZ ร่วมแสดงความคิดเห็นต่อศูนย์การค้า ผ่านทางเว็บไซต์ของ Marketbuzzz รับทันที 50 VIZ Coins ภายใน 12 ส.ค. 66 เท่านั้น คลิก https://bzbs.co/egODodIqXlwrI56QWl,0
ฉลอง 4 ปี ช้อป JUNGSAEMMOOL ลด 10%* ทุกชิ้น + รับ Starbuck Card มูลค่า 100 บาท และสินค้า Buy 1 Get 1 Free ตลอดทั้งเดือน1 - 31 ส.ค. 66 ที่ ONESIAM SuperApp เท่านั้น คลิกเลย: https://superapp.onesiam.com/PZZH/JSM4YearJourney,0
หาของขวัญอยู่หรือเปล่า? ช้อปที่ LOFT บนแอปฯ เก็บคูปองส่วนลด 200 บาท คลิก visit.onesiam.com/8PymZZ,0
"วันนี้ ใช้ 5 VIZ Coins แลกสิทธิ์ลุ้น Cash coupon มูลค่า 5,000บ.ใช้ที่เคาเตอร์ JUNGSAEMMOOL ที่ร่วมรายการ visit.onesiam.com/yq5SJS",0
"เรียนท่านสมาชิก ONESIAM มีความยินดีที่จะแจ้งให้คุณทราบว่าตั้งแต่วันที่ 15 มกราคม 2567 ระบบสมาชิกของ ONESIAM จะทำการเปลี่ยนชื่อจาก VIZ Member เป็น ONESIAM Member ระดับสมาชิก (Tier), สิทธิประโยชน์ (Benefits) และ จำนวนคอยน์ (Coin) ของท่านจะยังคงเดิม ซึ่งท่านสามารถตรวจสอบรายละเอียดได้บน ONESIAM SuperApp ในเมนู VIZ Member คลิก https://superapp.onesiam.com/PZZH/vizpage",0
ลดแรงครั้งใหญ่สูงสุด 70% BOXING DAY & NEW YEARS EVE นี้ (23 ธ.ค.66 - 26 ธ.ค.66) ที่ร้านค้าชั้นนำที่ร่วมรายการ* เฉพาะสมาชิก VIZ เท่านั้น visit.onesiam.com/8c2CGn,0
"รับเลย 1,000 ONESIAM Coins เมื่อใช้จ่ายค่าบริการด้วย 5,000 ONESIAM Coins ขึ้นไป /ใบเสร็จ ที่ร้านค้าร่วมรายการกลุ่ม Beauty & Education ที่ศูนย์การค้าสยามเซ็นเตอร์, สยามพารากอน, ไอคอนสยาม และ ไอซีเอส ตั้งแต่วันที่ 1 เม.ย.67  31 พ.ค.67 คลิก visit.onesiam.com/qhFG5m",0
30-31 ธ.ค. นี้ 10.00 และ 13.00 น. เตรียมแลกคูปองเงินสด 100.- ใช้เพียง 200 คะแนนบน The 1 APP https://go.the1.co.th/UohD/zas9mszj,0
[TikTok] อีเมลของบัญชีคุณได้รับการอัปเดตเมื่อ 12/20 15:30 UTC ใน unknown หากคุณไม่ได้เป็นผู้ดำเนินการ ให้ตรวจสอบรายละเอียดในกล่องขาเข้า TikTok ของคุณ,0
"บริการฝากสัมภาระของคุณจะหมดอายุในเวลา [2023-01-14 10:48:56] โปรดคลิ๊ก""สิ้นสุดการเช่าตู้""ก่อนหมดเวลาการเช่า เพื่อหลีกเลี่ยงค่าปรับที่อาจเกิดขึ้น ทำรายการ [https://h5.beebox.express/]",0
Skechers ลดแรงส่งท้ายปี! ขนสินค้ามาลดสูงสุดถึง80% ที่อาคาร Jewelry Trade Center ลาน Event Hall ชั้นB1 8-13ธ.ค.65 http://bit.ly/3FdY81t,0
"Supersportsเซ็นทรัลรามอินทราโฉมใหม่! ช้อป2,000บาท รับ400คะแนนThe1, ช้อป3,500บาท รับเพิ่มกระเป๋า 20ม.ค.-31มี.ค.66 http://bit.ly/3Q0v9Sz",0
Digital Asset Happy Hour ลดค่าคอมโหด เหมือนโกรธใครมา ลดทั้งซื้อและขายถึง 50% ซื้อขายสินทรัพย์ดิจิทัลช่วง 00:00-06:00 น. รับส่วนลดค่าธรรมเนียม 50%!! โปรโมชันตั้งแต่วันนี้ - 20 สิงหาคม 2566 เท่านั้น!! สอบถามข้อมูลการลงทุนได้ที่ Facebook: InnovestX *เงื่อนไขเป็นไปตามที่บริษัทกำหนด *คริปโทเคอร์เรนซีและโทเคนดิจิทัล มีความเสี่ยงสูง ท่านอาจสูญเสียเงินลงทุนได้ทั้งจำนวน โปรดศึกษา และลงทุนให้เหมาะสมกับระดับความเสี่ยงที่ยอมรับได้,0
"??รับ iPhone 15 Pro ฟรี...คุณเองก็ ""มีสิทธิ์"" กิจกรรมดีๆ ที่ไม่อยากให้คุณพลาด กับ InnovestX Golden Week เพียง ""ล็อกอิน"" แอป InnovestX และตอบแบบสอบถามบนแอปฯ พร้อมเสนอความคิดเห็นของคุณทำครบตามกติกา และตอบแบบสอบถามโดนใจคณะกรรมการ มีสิทธิ์รับ iPhone 15 Pro และบัตรสัมมนาลงทุนนอก โดยลงทุนแมน รวมทั้งสิ้น 6 รางวัล ??ร่วมสนุกได้ตั้งแต่ 15 - 30 ก.ย. 66 *เงื่อนไขเป็นไปตามบริษัทฯกำหนด",0
"??โค้งสุดท้าย รับ iPhone 15 Pro ฟรี...คุณก็มีสิทธิ์!! กิจกรรมดีๆ ที่ไม่อยากให้คุณพลาด กับ InnovestX Golden Week เพียง ""ล็อกอิน"" แอป InnovestX และตอบแบบสอบถามบนแอปฯ พร้อมเสนอความคิดเห็นของคุณโดนใจคณะกรรมการมากที่สุด มีสิทธิ์รับ iPhone 15 Pro และบัตรสัมมนาลงทุนนอก โดยลงทุนแมน รวมทั้งสิ้น 6 รางวัล ??ร่วมสนุกได้ตั้งแต่ 15 - 30 ก.ย. 66 *เงื่อนไขเป็นไปตามบริษัทฯกำหนด",0
"?? รับฟรี! ทองคำหนัก 1 บาท หรือที่พักสุดหรู Rayavadee Resort เพียง ""ล็อกอิน"" แอป InnovestX และ ตอบแบบสอบถาม ของรางวัลมากมาย ไม่ว่าจะเป็น ? ทองคำ 1 บาท มูลค่า 33,000 บาท (มูลค่าอาจมีการเปลี่ยนแปลงตามราคาตลาด) หรือ ?? ที่พักสุดหรู Rayavadee Resort จ.กระบี่ มูลค่า 25,777 บาท หรือ อื่น ๆ ?? ตั้งแต่วันที่ 11 ต.ค. 66 - 11 พ.ย. 66 *เงื่อนไขเป็นไปตามที่บริษัทฯกำหนด มาร่วมกิจกรรมกันเลย! เพียงล็อกอินแอป InnovestX และ กดแบนเนอร์ในประกาศหน้าแรกที่มีข้อความว่า ""ตอบแบบสอบถาม เพื่อได้สิทธิ์รับทองและรางวัลอีกมากมาย!""",0
เรียนลูกค้า InnovestX สำคัญ! ท่านมีการลงทุนในกองทุน SSF/RMF/TESG ตั้งแต่วันที่ 1 ม.ค. 2565 เป็นต้นไป ดังนั้นขอให้แจ้งความประสงค์ใช้สิทธิลดหย่อนภาษีกับบลจ. ที่ลงทุน ได้ที่เว็บไซต์ innovestx โดยไปที่เมนู ผลิตภัณฑ์ >กองทุน>กองทุนรวมลดหย่อนภาษี>ช่องทางแจ้งความประสงค์ใช้สิทธิขอยกเว้นภาษีเงินได้ ภายในวันที่ 28 ธ.ค. 2566 เพื่อให้ท่านสามารถใช้สิทธิลดหย่อนภาษีจากการลงทุนนั้นได้ ขออภัย หากท่านได้แจ้งความประสงค์แล้ว สอบถามเพิ่มเติมโทร. 02-9491999,0
"HAPPY BIRTHDAY~ อีทูดี้มอบส่วนลดแด่ท่านที่เกิดในเดือนนี้สมาชิกระดับPINK LOVE ลด30%,FRIENDSลด20%,HELLOลด10%ส่วนลดใช้ได้ถึงสิ้นเดือนนี้",0
สุขสันต์วันเกิดสมาชิก XXXXXXXXXX43 รับส่วนลด 10%สูงสุด 200บ.เมื่อซื้อสินค้า 500บ.ขึ้นไป ภายใน 30 เม.ย. 2567 เงื่อนไขคลิก bit.ly/3w1TkGy เชื่อมต่อบัตรสมาชิกในไลน์เพื่อตรวจสอบคูปองคลิก bit.ly/49VmnPk เปลี่ยนแปลงการรับข่าวสารโทร 022699599 หรือ contact.us@bootsrt.com,0
"WE MISS YOU! ดีลลับเฉพาะคุณ ลด15%* ช้อป New Genifique Ultimate Serum รับของขวัญมูลค่า3,100.- 24ต.ค.67-31ต.ค.67 ทักแชท bit.ly/3BLrOUp",0
"3 วันสุดท้ายกับ MEMBERS WEEKS ลด 10% + รับคะแนน x4* ช้อป 8,000.- รับสิทธิ์ LUCKY DRAW 1 สิทธิ์* 8 มี.ค.67 - 10 มี.ค.67 bit.ly/49Gz1kO",0
HAPPY FRIDAY ดีลสุดพิเศษแห่งปี ลด20%+คะแนนX3 24พ.ย.66-26พ.ย.66 เพิ่มเติม bit.ly/46jEV8R,0
MEMBER'S DAY รับคะแนน X5 ไม่มีขั้นต่ำ + ลด10% พร้อมดีลสุดพิเศษ 23มิ.ย.66-27มิ.ย.66 bit.ly/3XlGbWb,0
Game On เว็บเติมเกม รู้ใจคอเกม สมัครสมาชิกใหม่วันนี้ รับคูปองส่วนลดสูงสุด 15% คลิก! https://m.ais.co.th/gameon_mar23sms,0
"โหลดฟรีคลายร้อน! เพลงรอสายสุดฮิต R U OK-ทิกเกอร์, Blow-Jackson Wang, เพลงรัก Ost.แฟนผมเป็นประธานนักเรียน-Gemini สมัครใช้ ฟรี 30วัน! คลิก https://m.ais.co.th/ApHdgQnf8",0
"ร้องฟรีเพลงฮิต สนิทใจ,แค่มองตา,รักแท้ คลิก https://m.ais.co.th/FreeKS",0
"โหลดเพลงรอสายฟรี! ชัดเจน-Paper Planes, เอาแต่ใจ-Paradox x GoyNattyDream, Love so Fine-CHA EUN WOO, คนใหม่เขาดูแลอยู่-Ink Waruntorn พิเศษ!ใช้ฟรี 1ด. คลิก https://m.ais.co.th/ApHdgQnf8",0
"โหลดเพลงรอสายไม่อั้น ทุกเพลง ทุกค่าย ชัดเจน-Paper Planes,คนใหม่เขาดูแลอยู่-Ink,Love so Fine-CHA EUN WOO เฉลี่ยแค่วันละ 2บ. โทร*789*5# หรือคลิก https://m.ais.co.th/ApHD4q0u8",0
JOOXVIP ไม่เสียเน็ตแค่ 39 บาท/เดือน คลิก https://m.ais.co.th/3bHz9p4F8,0
"โหลดฟรี! เพลงรอสายฮิต ศิลปินสุดฮอต Chemical-Post Malone, ไหนบอกเลิกแล้ว-Three Man Down, Touch My Body-เป๊ก ผลิตโชค พิเศษ!ใช้ฟรี 1ด. คลิก https://m.ais.co.th/ApHdgQnf8",0
"เพลงฮิตร้องฟรี คืนให้,เปิดตัวเขา,คึดฮอด,ละไว้ในฐานที่เข้าใจ แค่กด*357*500# หรือคลิก https://m.ais.co.th/K7NPOS",0
ติดสปีดเน็ตเทพ5G จัดเต็ม 10GB 7วัน เพียง30บ. สมัคร*777*7677#ถึง31 สค,0
"ใช้เพลงรอสาย ""ฟรี 7วัน"" กด*789*5# โหลดฟรีทุกเพลง ทุกค่าย ไม่อั้น ยินดี-Ost.มาตาลดา,อย่าร้องอายเค้า-TATTOO COLOUR,ภูมิลำพัง-ข้าวทิพย์ ธิดาดิน,Chemical-Post Malone ที่ https://www.ais.th/callingmelody",0
"ใช้ชีวิตได้อย่างสบายใจมีประกันอุบัติเหตุPA Ready Goช่วยจ่ายค่ารักษาพยาบาล บาดเจ็บครอบครัวมีเงินใช้ เบี้ยเริ่มต้นวันละ4บ. คุ้มครองค่ารักษาพยาบาลตามจริงไม่เกิน30,000บ./อุบัติเหตุ(แผน 1) บาดเจ็บตรงวันหยุดคุ้มครองเพิ่ม2เท่า รับAIS Point50คะแนน ตั้งแต่1ส.ค.6631ธ.ค.66 คลิก https://m.ais.co.th/pargfsmspost?ref_code=1-MI1UJFL ยกเลิก SMS กด *673#",0
โปรโมชั่นโบนัส 20% เติมเกม EA SPORTS FC? MOBILE ที่ Game On! ใช้โค้ด 'EAS1123' ลด 4% วันที่ 10-13 พย 66 https://m.ais.co.th/fcnov23,0
ฟินไม่สะดุด! กับแพ็กดู YouTube 100GB ใช้ได้ 7 วัน เพียง 99บาท คุ้มสุด สมัครกด *777*828# หรือคลิก https://m.ais.co.th/YouTube100GBsms,0
สนุกกับเกมจากค่าย Disney บน AIS 5G Cloud Game ได้แล้ววันนี้ในราคา เพียง 149 บาท/เดือน คลิก!! https://m.ais.co.th/cloud_disney,0
"รวบตึงความบันเทิงแอปดัง iQIYI, Viu, WeTV พร้อมเน็ตดูคอนเทนต์ไม่จำกัด 279บ./เดือน กด *777*9309# หรือคลิก https://m.ais.co.th/279Bulsms",0
"5 วันสุดท้าย!! ลูกค้า AIS รับเงินคืน 50บ. เมื่อซื้อแอป เติมเกม จ่ายผ่าน AIS บน App Store ครั้งแรก จำกัด 5,000 สิทธิ์เท่านั้น (17 ม.ค. 67  17 ก.พ. 67) ซื้อเลย! https://m.ais.co.th/Cashback_feb24sms",0
"ติ่งซีรีส์จีนชม iQIYI VIP และPLAY FAMILYพร้อมเน็ต10GBสำหรับแอป iQIYI,AIS PLAY เดือนละ119บ. กด*777*9293# หรือคลิก m.ais.co.th/WxHxAnruB",0
"จองก่อนคุ้มกว่า New iPad บางเป็นปรากฏการณ์ เบาจริง ใหม่จัง พร้อมข้อเสนอสุดปังรับเปิดเทอม ราคาเริ่มต้นเพียง 26,100 บาท เครื่องเก่ามีมูลค่านำมาแลกใหม่รับส่วนลดเพิ่มสูงสุด 2,500 บาท + ใช้เอไอเอสพอยท์ลดเพิ่ม 500 บาท + สิทธิ์รับชม PLAY ASIAN รวมความบันเทิงจากแอปดังทั่วเอเชีย ไม่มีค่าใช้จ่ายนาน 6 เดือน พร้อมบริการดูแลเครื่องจาก เอไอเอส นาน 1 เดือน ผ่อน 0% สูงสุด 36 เดือน สั่งจองล่วงหน้าได้แล้วกับ New iPad รุ่น WiFi + Cellular รายละเอียดโปรโมชันเพิ่มเติมที่ เว็บไซต์ www.ais.th",0
"สิทธิพิเศษนี้! เฉพาะพี่ที่ได้รับ SMS เท่านั้นนะฮะ สามารถรับชม Disney+ Hotstar พร้อมสร้างได้สูงสุด 7 โปรไฟล์ เพียงสมัครแพ็กเกจผ่านอุ่นใจผู้ช่วยส่วนตัว คลิก
 https://m.ais.co.th/AJxAileenBestOfferDisney",0
"ฉลองเดือนคนโสดกับ 10 ร้านชาไทย หอม อร่อย พิเศษลูกค้าเซเรเนดรับส่วนลดสูงุสด 50% อาทิร้าน After You, ชาตรามือ, bearhouse, KAMU ฯลฯ ถึง 30 พ.ย.66 กดรับสิทธิ์ คลิก https://m.ais.co.th/TT1123",0
เดทคนเดียว ไม่เหงาอีกต่อไป ลูกค้าเซเรเนดรับสิทธิพิเศษส่วนลด 30.- กับ 2 เมนูชาไทยจุกๆ Thai Tea Kakigori และ Royal Thai Milk Tea ที่ After You ถึง 30 พ.ย.นี้ อย่ารอช้า คลิก https://m.ais.co.th/AY1123,0
"เซเรเนดชวนคุณมาฟินฉลองเดือนแห่งความรักกับ 30 ร้านของหวาน รับส่วนลดสูงสุด 50% อาทิ After You, GAGA, Karun, Cold Stone และอีกมากมาย ถึง 31 ธ.ค.67 เพิ่มเติมบนแอปฯ myAIS https://m.ais.co.th/SD30224",0
ทำทุกวันให้เป็นวันแห่งความรักด้วย สิทธิพิเศษเซเรเนด ชวนดินเนอร์ ให้ดอกไม้หรือช็อกโกแลต รับส่วนลดสูงสุด 50% กับร้านที่ร่วมรายการ ตลอดเดือน ก.พ.นี้ เพิ่มเติมบน myAIS คลิก https://m.ais.co.th/AVL224,0
AISต้อนรับ คุณศิริวรรณ เป็นลูกค้าเซเรเนดเอ็มเมอรัลด์ ตั้งแต่ 01/06/66-31/05/67 เปิดอ่านความพิเศษเฉพาะคุณที่ https://m.ais.co.th/EA1,0
ตามที่คุณได้รับสิทธิ์เซเรเนด เพื่อไม่ให้พลาดสิทธิพิเศษที่คัดสรรเพื่อคุณ อย่าลืมเปิดอ่านที่ https://m.ais.co.th/EA8,0
เที่ยวสนุก สุขทุกทริปเมื่อจองห้องพักผ่าน agoda ลูกค้าเซเรเนดรับส่วนลดสูงสุด5% วันนี้-31ธ.ค.66 เพิ่มเติม https://m.ais.co.th/AgodaSMS,0
"ดื่มฟินกินกระจาย จัดเต็มความจุใจ ลูกค้าเซเรเนด ฟรี! อัพไซส์เครื่องดื่มร้านดัง เช่น GAGA, KAMU, BEARHOUSE, TP Tea, The Alley, Fresh Me, ชาไทยการัน ตั้งแต่ 1 ม.ค. 66 - 31 ธ.ค. 66 เพิ่มเติมคลิก https://m.ais.co.th/upsizemms",0
ช้อปสนุก คุ้มเป็นพิเศษ! ลูกค้าเซเรเนดสมัครสมาชิก BIG Points ใหม่ ช้อปครั้งแรก 100 บาท ขึ้นไป รับ BIG Point เพิ่มทันที 100 พอยต์ ที่บิ๊กซี บิ๊กซีมินิ และร้านยาเพรียว ตั้งแต่ 1 มิ.ย. 66 - 31 ธ.ค. 66 เพิ่มเติมคลิก https://m.ais.co.th/SBigCBPMMS,0
รวมให้แล้ว! อาหารเสริมคุมน้ำหนัก วิตามินบำรุงกายขายดี?? bit.ly/46bzc63,0
โปรแรงเฉพาะสมาชิก??ไอเทมแบรนด์ดังซื้อ1แถม1 - 26 ก.ค.66 bit.ly/2xkGTbE,0
เฉพาะคุณ?? ชอปออนไลน์ ลดเลย 10% ไม่มีขั้นต่ำ!-16ก.ค.66 bit.ly/2xkGTbE,0
"เฉพาะคุณ??ลดเลย 100บ.เมื่อชอปครบ 1,500บ.-23 ก.ค.66 bit.ly/2xkGTbE",0
เสริมภูมิคุ้มกันช่วงหน้าฝน สมาชิก 1 แถม 1 ถึง 26 ก.ค.66 bit.ly/44FjwGX,0
?? ศุกร์พิเศษ ชอป5ชิ้น รับ 100Pt ที่ร้านวัตสัน-15ธ.ค.66 bit.ly/3t4aupA,0
?? ส่งท้ายปี ชอปครบ 500.- ลด 8% ที่ร้านวัตสัน -29ธ.ค.66 bit.ly/3NhLcum,0
เฉพาะสมาชิก blueplus+ เลขท้าย 068362 รับเพิ่ม 20 คะแนน เมื่อซื้อเครื่องดื่ม Caf? Amazon 55 บ.ขึ้นไป/ใบเสร็จ ภายใน 09 ก.พ. 2567 - 15 ก.พ. 2567 รับสิทธิ์ที่ https://2g.to/GaBQn/E0 หรือที่แอปพลิเคชั่น xplORe (เมนู Mission) ยกเลิกSMS T.1365,0
"Lazada เซลใหญ่สุดว้าว ช้อปกลางปีลดสูงสุด 2,000.- ที่ m9s.in/Lazadae31z",0
ลดสูงสุด 500.-ช้อปดีลเด็ดส่งท้ายเดือนที่ Lazada คลิก i9i.in/LazadaSu9c,0
สิ้นเดือนแล้วมาช้อปกัน รับเงินคืนสูงสุด30%ที่ Lazada i9i.in/LazadaEv7i,0
ช้อปเลย! 4.4 เซลลดสับรับซัมเมอร์ ดีลลดสูงสุด 90% ที่ i9i.in/LazadaSw1w,0
LazadaPayday ช็อปสิ่งที่ชอบ เพิ่มสิ่งที่ใช่ให้ชีวิต i9i.in/Lazadap91y,0
Lazada 8.8 ดีลฉ่ำ กระหน่ำเซล ลดสูงสุด 90% คลิก i9i.in/Lazadad75e,0
LazadaPayday ช็อปสิ่งที่ชอบ เพิ่มสิ่งที่ใช่ให้ชีวิต i9i.in/Lazadai05w,0
Central Group Research ขอเชิญสมาชิก The 1 ร่วมตอบแบบสอบถามเกี่ยวกับความพึงพอใจในสิทธิประโยชน์ของสมาชิก โดยขอมอบ 100 คะแนนแทนคำขอบคุณ คลิก https://bit.ly/47J22fA,0
เดือดกับฤดูกาลใหม่ฟุตบอลลีกใหญ่และกีฬาประเภทอื่นๆ อีกมากมาย ชมสดที่ AIS PLAY กับแพ็กเกจเสริม beIN SPORTS รายปี 799 บาท สมัครกด https://m.ais.co.th/beinYmms,0
"สะสมไม่หยุด ลดสุดคุ้ม Central Shop Shop
 พิเศษเฉพาะคุณ รับ The1 500 คะแนน เมื่อสะสมยอดช้อปครบ 5,000 บาท
 13 ก.ค.66  31 ก.ค.66 เซ็นทรัลทุกสาขา https://mkt.central.co.th/CSS500P",0
แค่ช้อปทัน ก็ชนะแล้วปะ? Central Midnight Sale คอลเลคชั่นใหม่ลดสูงสุด 30% รับคูปองแทนเงินสดและเครดิตเงินคืนรวมสูงสุด 21% เซ็นทรัลทุกสาขา 22 ก.ย. 66  2 ต.ค. 66 เพิ่มเติม mkt.central.co.th/MNSIII,0
"พบ 11.11 Sale เที่ยงคืนนี้! ลดสูงสุด 70% พร้อมรับ Secret Code ลดสูงสุด ฿1,011* เฉพาะคุณ ถึง 12 พ.ย. 66 https://insdr.io/boVhF5",0
You forgot something. ซื้อสินค้าในถุงช้อปปิ้งวันนี้ ส่งฟรีเมื่อช้อปครบ ฿699 คลิก https://insdr.io/euNNsn,0
"รับโค้ดลด ฿1,012! พิเศษเฉพาะคุณ ช้อป 12/12 สินค้าบิวตี้ เครื่องใช้ไฟฟ้าแบรนด์ดัง รอคุณอยู่ รับโค้ดที่ Central App https://insdr.io/EAQ4C",0
"Just For You! โค้ด 10%* ขั้นต่ำ ฿3,000 สิ้นปีต้องรีบเปย์ อย่ารอช้า! ถึง 31 ธ.ค. ที่ CENTRAL APP https://insdr.io/dXPqZt",0
"Central Midnight Sale คัดดีลดีมาให้ช้อป คอลเลคชั่นใหม่ลดสูงสุด30% + เฉพาะคุณ! รับส่วนลด 200.- เมื่อช้อป 2,000.-/บิล 25ก.ย.677ต.ค.67 เซ็นทรัลทุกสาขา เก็บคูปอง คลิก mkt.central.co.th/MNS32K",0
รู้หรือยัง!ดีลปังๆกับมายโลตัส รับคอยน์x2เมื่อจ่ายด้วยTrueMoneyทุกสาขาตลอดปี ดูรายละเอียด https://l.lotuss.com/tmn-2024,0
คูปองพิเศษเฉพาะคุณ! ที่โลตัสช้อปออนไลน์ https://l.lotuss.com/QwrHb,0
คูปองพิเศษเฉพาะคุณ! ที่โลตัสช้อปออนไลน์ https://l.lotuss.com/1wsf1,0
"ลูกค้ามายโลตัสใช้ 1 คอยน์แลกลุ้น1,000,000คอยน์ทุกวันผ่านโลตัสแอปฯแจกอีกแค่20วัน(2-21สค67)
 https://oneapp.lotuss.com/EPH4/millioncoin",0
คูปองพิเศษเฉพาะคุณ! ที่โลตัสช้อปออนไลน์ https://l.lotuss.com/CwERQ,0
คูปองพิเศษเฉพาะคุณ! ที่โลตัสช้อปออนไลน์ https://l.lotuss.com/rwPh0,0
โชว์ผิวสวยรับวันแม่กับ KIKO Milano พร้อมข้อเสนอพิเศษ วันที่ 9 ส.ค. 67 - 12 ส.ค. 67 ที่ร้าน KIKO Milano ทุกสาขา คลิก > bit.ly/3Wy7zS8,0
สูตรใหม่! Pure Clean ทำความสะอาดผิว & เมคอัพได้อย่างหมดจดครบทุกสเตปและมีหลายเนื้อสัมผัสให้คุณเลือก วันนี้ที่ร้าน KIKO Milano ทุกสาขา เพิ่มเติม คลิก https://bit.ly/3SNa0ht,0
KIKO Milano รับจบครบทุกเรื่องสี พร้อมโปรโมชั่นสุดพิเศษสำหรับคุณ ที่ KIKO Milano ทุกสาขา ตลอดเดือนกันยายน 2567 https://bit.ly/3Z9fmau,0
ห้ามพลาด! Gloss Supreme เมคอัพคอลเลคชั่นใหม่ จาก KIKO Milano มอบงานผิว Glass Skin ดูโกลว์ฉ่ำวาว วันนี้ที่ร้าน KIKO Milano และออนไลน์ https://bit.ly/3ziPYVw,0
"BangkokBankMVisa ศ-อา รับ LG SmartTV 43"" และกระเป๋าคลัช เมื่อช้อปศูนย์ฯครบตามเงื่อนไข 31พ.ค.67-27มิ.ย.67 https://tmg.click/4baLbmv *ใช้เท่าที่จำเป็นและชำระคืนได้เต็มจำนวนตามกำหนดจะได้ไม่เสียดอกเบี้ย16%",0
"THEMALLLIFESTORE FASHION VISION ครีเอทลุคทุกสไตล์แบบอันลิมิต ช้อปศูนย์ฯรับCASHCOUPONสูงสุด2,600บ.* https://tmg.click/3yKMhaL *ใช้เท่าที่จำเป็นและชำระคืนได้เต็มจำนวนตามกำหนดจะได้ไม่เสียดอกเบี้ย16%ต่อปี",0
รับเลย 200 บาท ไม่มีขั้นต่ำ คลิก https://www.mcardmall.com/th/ecoupons/9209 ช้อปแผนก Men's Fashion และ Women's Fashion & Lingerie Salon 16 ก.ย. 67 - 31 ต.ค. 67 ที่เดอะมอลล์ทุกสาขา และ เดอะมอลล์ โคราช,0
"ช้อปก่อนใครที่เซ็นทรัลกับ LIGHT REFLECTING EYE BRIGHTENER ฟรีลงทะเบียนWorkshop และรับฟรี Soft matte concealer เมื่อช้อปครบ 1,500 บาท ในวันที่ 12-18 ส.ค.66 โทรนัดหมายเวลาและดูรายละเอียดที่ https://bit.ly/Eyeb",0
"Tory Burch End of Season Sale ลดสูงสุด 50% เริ่ม 21 พ.ค. นี้ ที่ Tory Burch ทุกสาขา หรือช่องทางออนไลน์ https://bit.ly/TB-Onlinestore
 *T&Cs Apply",0
"Tory Burch End of Season Sale ลดสูงสุด 60% เพิ่มสินค้าใหม่ และส่วนลด on-top เริ่ม 24 มิ.ย. 66 ที่ Tory Burch ทุกสาขา หรือช่องทางออนไลน์ bit.ly/TB-Line และ https://bit.ly/TB-ONLINESTORE
 *T&Cs Apply",0
"Tory Burch เชิญคุณสัมผัส T Monogram ป๊อปอัพสโตร์ ณ ชั้น M Thara Hall, ICONSIAM พร้อมเปิดตัวกระเป๋า T Monogram สีดำรุ่นใหม่สุดเอ็กซ์คลูซีฟเป็นครั้งแรก วันนี้ - 3 ก.ย. 66 
 สอบถามเพิ่มเติม bit.ly/TB-Line",0
Tory Burch End of Season Sale ลดสูงสุด 50% เริ่มแล้ววันนี้! ที่ Tory Burch ทุกสาขา ช้อปออนไลน์ https://bit.ly/TB-Onlinestore หรือ Line Official https://bit.ly/TB-Line *T&Cs Apply,0
"Tory Burch เชิญคุณค้นพบป๊อปอัพสโตร์แห่งใหม่ ณ ชั้น M, ICONSIAM พร้อมเปิดตัวกระเป๋ารุ่นล่าสุดจากมหานครนิวยอร์กเป็นครั้งแรก วันนี้ - 24 มี.ค. 67 เท่านั้น สอบถามเพิ่มเติม https://bit.ly/TB-Line",0
พบกับ Tory Burch ป๊อปอัพสโตร์ ณ เซ็นทรัลชิดลม ชั้น G พร้อมสินค้าเอ็กซ์คลูซีฟ และสิทธิพิเศษเฉพาะที่ป๊อปอัพสโตร์เท่านั้น วันนี้ - 3 ต.ค. 67 สอบถามเพิ่มเติม 02-655-7916 หรือ https://bit.ly/TB-Line,0
We Miss You! ลังโคมขอมอบดีลพิเศษ THE GIFT OF LOVE ลด 15%* + คะแนน x3* 25ส.ค.67 - 31ส.ค.67 ทักแชทช้อปเลย bit.ly/4crFmRP,0
ดู Receipt/Tax Invoice ของท่านจากบ.ลอรีอัล ประเทศไทยที่ txm.co/8XrLbR,0
ดิออร์ชวนคุณสัมผัสประสบการณ์สุดเอ็กซ์คลูซีฟ  DIORIVIERA ป็อปอัพสโตร์ เพ้นท์เฮาส์วิวแม่น้ำ ที่ตกแต่งด้วยลวดลาย กูตูร์ Toile de Jouy อันเป็นเอกลักษณ์ กับน้ำหอมกลิ่นใหม่จาก La Collection Privee และไอเทมต้อนรับซัมเมอร์ พร้อมมอบความสดชื่นด้วยเมนูเครื่องดื่มและไอศกรีม ที่รังสรรค์ขึ้นในธีม Dioriviera พบกันได้ที่ Four Seasons Hotel Bangkok ชั้น 10 ห้อง River Front Pent House สำรองเวลา http://bit.ly/3Qpgj8s,0
ดิออร์เชิญคุณส่งการ์ดอวยพรผ่านไลน์ในวันแม่ปีนี้ คลิก bit.ly/3OiIgOm,0
"เรียนสมาชิกดิออร์ บูติกเครื่องสำอางของ Dior Beauty ออนไลน์ มีเพียง 2 ช่องทาง คือ เว็บไซต์ทางการ shop.dior.co.th และผ่านแชท Line @DIORTHAILAND เท่านั้น ส่วนร้านค้าปลีกออนไลน์ทางการที่ได้รับอนุญาต ได้แก่ central.co.th, monline.com, และ sephora.co.th",0
ดิออร์ชวนคุณ Mix and match Dior Addict Limited fashion case กับ Dior Addict Lipstick 5 เฉดสีใหม่ เติมเต็มลุค Jisoo's Inspired ด้วย Dior Forever Tone up Cushion และ Lip Glow Poppy Coral เฉดสีใหม่ และพบกับกิจกรรมพิเศษในงาน สำรองเวลาคลิก http://on.dior.com/bookingth เพื่อรับ Dior Addict Blister card ขนาดทดลอง* ณ ลานโปรโมชั่น แผนกบิวตี้ฮอลล์ ชั้น M สยามพารากอน วันที่ 14 - 28 มี.ค.67 *จำนวนจำกัด,0
เรียนสมาชิกดิออร์โปรดระวังมิจฉาชีพที่แอบอ้างเป็น Dior Beauty บนโซเชียลมีเดียที่ไม่เป็นทางการ ช่องทางการสั่งซื้อออนไลน์ของเครื่องสำอางดิออร์มีเพียงเว็บไซต์ shop.dior.co.th และไลน์ @diorthailand เท่านั้น ส่วนร้านค้าปลีกออนไลน์ทางการที่ได้รับอนุญาตคือ central.co.th และ sephora.co.th,0
ดิออร์ขอเชิญคุณSIRIWAN SREEBUTKOT พบกับเคาน์เตอร์ดิออร์สาขาเดอะมอลล์บางกะปิรูปแบบใหม่ ชั้น M ได้แล้ววันนี้ และกิจกรรมพิเศษ ระหว่างวันที่ 25 - 28 ก.ค. 67 พร้อมรับผลิตภัณฑ์ขนาดทดลอง* สอบถามรายละเอียดโดยติดต่อที่ปรึกษาความงามดิออร์ คุณเกศ โทรหรือแอดไลน์ 080-0598272 *จำกัด 100 ท่านแรก 1 ท่าน : 1 สิทธิ์,0
"พิเศษเฉพาะคุณ! รับฟรี 50 M Point พร้อมคูปองส่วนลดรวม 350บ. ใช้ช้อปได้ทุกแผนกที่เดอะมอลล์ ทุกสาขา, เอ็มโพเรียม, เอ็มควอเทียร์, เอ็มสเฟียร์ และพารากอน เพียงโหลด M Card App. ที่! http://mcard.to/D0pkW",0
Happy Monday เฉพาะลูกค้าเดอะมอลล์เท่านั้น! แลก 99 M Point รับเครื่องดื่มโอชายะฟรี 1 แก้ว ทุกวันจันทร์ตลอดเดือน ก.ค.67 เฉพาะเมนูที่ร่วมรายการ เงื่อนไขคลิก! http://mcard.to/g0pCo,0
สั่งซื้อสำเร็จ Order#8199812605 api.allonline.7eleven.co.th/sh/?k=ra4wXR,0
ชำระเงินได้ที่ร้าน 7-11 ภายใน 2ก.ค.67 21.21 กด https://pmw.counterservicepay.com/paymentweb/v1/web/p/ojGJXG,0
ใบเสร็จรับเงิน/กำกับภาษี https://efile.7eleven.co.th/?c=gpyYOpOMjBOrw,0
รับสินค้าได้ที่ 7-11 สาขา19338 Order 8199812605 ได้ทันที/ใบส่งสินค้า https://efile.7eleven.co.th/?c=462xmxMv1YEvX,0
"ส่งฟรีถึงบ้าน!! โปรฯเครื่องดื่มลดแรง กรอก DRINK160 ลดเพิ่ม 160.- เมื่อช้อป1,400.- วันนี้ - 23พ.ค.67 คลิก > https://allonline.mobi/3Jz2DF8",0
"23กพ.67ดูโฮมมาบตาพุดฉลอง40ปีลดสูงสุด80% 3วันแรกเช็คอินรับ500฿ รับเพิ่มคูปองสูงสุด4,000฿ ช้อป10,000฿รับกระติก เฉพาะเสาร์-อาทิตย์ พัดลมHatariเพียง298฿(จำนวนจำกัด)ถึง3มีค.67โทร1746> bit.ly/DH40-MP",0
เย็นฉ่ำทันใจ ช้อปแอร์ที่ดูโฮมติดตั้งฟรีใน24ชม.+ล้างแอร์ฟรี1ครั้ง ผ่อน0%นาน24เดือน แอร์แบรนด์ดังลดแรงเพียบ ถึง31พค67 คลิก bit.ly/DHMIS4,0
"เราคิดถึงคุณ! ลดทันที 300 บาท เพียงซื้อสินค้าตั้งแต่ 2,000 บาทขึ้นไป (จำกัด 1 สิทธิ์ / ท่านตลอดรายการ) โปรดแสดงข้อความนี้ที่จุดขำระเงิน 14ก.ย.66 - 3ต.ค.66 โรบินสันทุกสาขา คลิก mkt.central.co.th/RBSJadYaiLAP",0
Holiday Beauty Gift บิวตี้เซ็ตสุดลิมิเต็ดเฉพาะปีใหม่นี้เท่านั้น! ช้อปเลยที่โรบินสันทุกสาขา เพิ่มเติม mkt.central.co.th/RMgifts,0
Robinson Beauty อัปเดตไอเทมกันแดด 2024 สวยท้าแดดตลอดหน้าร้อน คัดสรรมาให้ช้อป mkt.central.co.th/LAPRBSBeaPri,0
"สุขสันต์วันเกิด เฉพาะคุณ ส่วนลด 200.- สำหรับช้อป 2,000.-/บิล โรบินสันทุกสาขา 1 เม.ย.67 - 30 เม.ย.67 เก็บคูปอง mkt.central.co.th/RAPR24",0
เกมวงล้อให้โชค หมุนสนุกสุขข้ามปี แจกทอง ซัมซุง ทรูพอยท์ ส่วนลดแบรนด์ดัง อลังข้ามปี 8ฅ67-5มค68 เล่นเลย https://ttid.co/Oill/isw24101,0
10.10 แลกแพ็คฟรีแค่10ทรูพอยท์ เลือกได้2ดีล เน็ต8Mbps1GB 1วัน (เติมเงิน) โทรฟรีเบอร์ทรู24ซม 10-31 ต.ค.67 https://ttid.co/Oil/1010vas02,0
พร้อม! มาอัปเกรดทักษะที่ FutureSkill ลูกค้าหรูทดลองเรียนไม่จํากัดคอร์ส 7 วัน และส่วนลดอีกมากมาย 1กค67-31ก 68 https://bit.ly/3RziS9H,0
สิทธิพิเศษตรงใจ! สุขในบ้าน นอกบ้าน เพื่อลูกค้าทรูออนไลน์ แลกรับฟรี หรือ ลดสุดสูงสุด 50% คลิกเลย 1.67-31567 https://bit.ly/4ax5dX2,0
22.30น Big Match ลิเวอร์พูล เชลซี แลกเน็ตดูบอลผ่านแอปทรูไอดี เพียง5ทรูพอยท์ ดูได้ไม่อั้น 1 วัน 1มค67-31ธค57 https://ttid.co/OiLl/utd04,0
ทาสแมวมาทางนี้ มีโจโกลดัลดทันที 13บ เหลือ89 บ ที่โลตัส ใช้ไทรูพอยท์แลก+จ่ายผ่านทรูมันนี่ 19กย67-23ต.67 https://bit.ly/46YKOlp,0
ไอเทมไหนๆก็ช้อปคุ้ม เพียงใช้ 229 ทรูพอยท์ แลกส่วนลด 100 บ. ที่ยูนิโคล่ ทรูดิจิตัล พาร์ค แลกเลย 27ก 67-31ธค67 https://bit.ly/3TO4nQk,0
ทรูแบล็ค รูเรด มา2จ่ายทุกเรื่องที่เอ็มบาสซี ดิโพลแมทสกรีน ชั้น6 เฉพาะ จ-ศ รอบก่อน 17:00น. 17ตศ67-15พย67 https://bit.ly/3APVqiO,0
ทรูแบล็ค ทรูเรดสมัครสมาชิกห้าง งอัปเกรดฟรีOnesiamTitanium3เดือน สิทธิ์จอดรถฟรี พร้อมส่วนลดคุ้มๆ 25ก 67-31ธค67 https://bit.ly/4dpakef,0
ทรูโบนัสอัปช่องทรูวิชั่นส์ไว้ดูฟรี สูงสุด 10สิทธิ์/เดือน พิเศษ! รับเพิ่ม50ทรูพอยท์ 1มค67-31ธค67 กด*878*2*5# หรือ https://bit.ly/3six9Zu,0
ลูกค้าหรูลดพิเศษที่ Kidsdel ปิดเทอมนี้ชวนลูกเข้าแคมป์ สนุกท่องโลกวิทย์ผ่านการเล่นและลงมือห่า 15ต.ค.57 - 30ก.ย.68 https://bit.ly/4dtYQpl,0
ทรูแบล็ครายเดือน มีทรูออนไลน์ เพิ่มสปีดเน็ตบ้านไฟเบอร์ฟรี! ความเร็วสูงสุด1000/1000Mbpsทุกเดือน 1ม.ค.67-31ธ.ค.67 https://ttid.co/Oill/y94sa1dk,0
"เพลิดเพลินกับชุดน้ําชายามบ่าย หมอนโด Hilton Sukhumvit Bangkok ลูกค้าจ่ายเพียง 1,483.- 15ต.ค.67 - 30พ.ย.67 https://bit.ly/47PhoPK",0
มีของก็ต้องใช้! 25 ทรูพอยท์ แลกเน็ตเต็มสปีด 1GB 24 ซม. โซเชียลหรือสตรีมมิ่ง ก็คุ้มมาก 1มิย67-315867 https://ttid.co/Oil/1gb25p1,0
อร่อยลงตัวกับฉัตรข้าวหอมผสม 5กก.ลดไป 740 เหลือ176บ ที่โลตัส ใช้ไทรูพอยท์แลก+จ่ายผ่านทรูมันนี่ 19ก 67-23867 https://bit.ly/46YKOJp,0
ช้อปคุ้มแบบนี้ต้องที่โลตัส ลูกค้าทรูแบล็ค ทรูเรด ใช้ทรูพอยท์ลดสูงสุด99บ. เมื่อช้อปตามเงื่อนไข 19ก.ค.67-30พ.ย.67 https://bit.ly/3VSEhvM,0
"วันอาทิตย์เราต้องเล่นได้ Samsung Z Flip 6! ลูกค้าหรูเล่นฟรี แจกทุกวัน จ-ศ ทอง ส บัตรน้ํามัน 5,000บ 1-31สค57 https://ttid.co/OiLl/fg8",0
แม็คโครก็แค่ปากซอย ใกล้ไหน ไปนั่น ใช้ทรูพอยท์แลกส่วนลดทันที สินค้ายอดนิยมมากมาย อย่ารอช้า 2-29ต.ค.67 ลูกค้าทรูคลิกแลกเลย https://ttid.co/OiL/M02,0
ศุกร์นี้ยาวไปยันเช้า ต้อมจีน ต้อมไทย ต้อมวาย ดูซีรีส์ผ่านแอป WeTV 30 วัน เพียง59บาท ใช้29ทรูพอยท์ 2พล67-31ธค67 https://bit.ly/3u081NA,0
หมด2 เข้าฉายแล้ว! ลูกค้าทรูอื้อตั๋วหนังราคาพิเศษ เพียง149บ. (ปกติ260บ.) @SF ทุกสาขา 20มีค67-2968 https://iservice.page.link/D9RD,0
เน็ตทรูโบนัส เน็ตฟรีที่รับได้ทุกเดือน รวมสูงสุด 3.2GB 1มค67-31ธค67 กด*878*2# หรือรับที่แอปทรูไอดี https://bit.ly/3kdzh1,0
Free Movie Week หนังเข้าใหม่ ต.ค. ดูฟรีที่เมเจอร์ ได้ทุกเรื่องทุกรอบ ทรูแบล็ค/ทรูเรด ใช้799 ทรูพอยท์ 10-16867 https://bit.ly/3WnBkVP,0
ทริปพิเศษตุลานี้ ให้ทุกเรื่องง่ายขึ้น! ผู้ช่วยส่วนตัวจัดการแทนคุณ 24ซม พิเศษเฉพาะทรูแบล็ค โทร1236 2 766 - 31ธค67 https://bit.ly/3W9Lo4J,0
10.10 แลกแพ็กฟรีแค่10ทรูพอยท์ เลือกได้2ดีล เน็ต8Mbps1GB 1วัน (เดิมเงิน) โทรฟรีเบอร์ทรู24ซม 10-31 ต.ค.67 https://ttid.co/Oill/1010vas03,0
10.10 แลกแพ็กฟรีแค่10ทรูพอยท์ เลือกได้2ดีล เน็ต8Mbps1GB 1วัน (เติมเงิน) โทรฟรีเบอร์ทรู24ชม 10-31 ต.ค.67 https://ttid.co/OiL/1010vas01,0
สะดวกสบาย ใช้ทรูพอย แลกส่วนลด 20.- ชาร์จรถไฟฟ้า ที่ GINKA Charge Point ทุกสาขาทั่วประเทศ คลิกเลย 16กย67-15ม 68 https://bit.ly/3ZsMLTp,0
รับเน็ตฟรีง่ายๆเพียงใช้บริการDCB(ตัวแทนรับชําระ)จ่ายผ่านเบอร์ทรู เติมเกม ซื้อแอป ดูหนัง ฟังเพลง 1ตค67-31ตค67 https://bit.ly/4gsRRzL,0
ลูกค้าทรูแบล็ค มอบทรูแบล็ค 1 สิทธิ์ให้คนที่คุณรัก/ทรูเรดอัปเกรดหรูแบล็คตามเงื่อนไข เพิ่มเติมคลิก 1มค.67-315867 https://bit.ly/3OORDNA,0
ลดสุดคุ้มทั้งรถเข็น ช้อปครบแลกลดเพิ่ม 30.- ทันที วัตถุดิบพร้อมปรุง สินค้าพร้อมทาน ครบจบที่แม็คโคร 1ตค67-315967 https://bit.ly/3TcEBnF,0
"วันอาทิตย์เราต้องเล่นได้ Samsung Z Flip 6! ลูกค้าทรูเล่นฟรี แจกดูทุกวัน จ-ศ ทอง ส บัตรน้ํามัน 5,000บ 1-31 67 https://ttid.co/OiLl/fg3",0
"อิ่มคุ้ม โลตัส! โอ้ทรูพอย แลกคูปองเงินสด+ลดสูงสุด 50% Santa Fe Chester's, Shabushi และอื่นๆ 16ส.ค.67-31ม.ค.68 https://bit.ly/4dk888E",0
คุณลูกค้าหรูคะ! ช้อปโลตัสอย่าลืมใช้หรูพอยท์ ลดเลย 20.- ไม่มีขั้นต่ําใช้แค่ 99 ทรูพอยท์ 19ทย67-23 767 https://bit.ly/3QHBAdY,0
"วันอาทิตย์เราต้องเล่นได้ Samsung 2 Flip 6! ลูกค้าทรูเล่นฟรี แจกทุกวัน จ-ศ ทอง ส บัตรน้ํามัน 5,000บ 1-31ตค67 https://ttid.co/OiLl/fg1",0
18.30น คริสตัล พาเลซ พบ ลิเวอร์พูล ดูสดผ่านทรูไอดี ใช้5ทรูพอยท์ แลกเน็ตดูทรูไอดีได้ไม่อั้น1วัน 1มค67-315167 https://tid.co/Oil/utd04,0
อร่อยไป ใหญ่ ใจ ลด 20บ ที่ Potato Corner เฟรนซ์ฟรายส์ Mega ลูกค้าหรูใช้ 59 ทรูพอยท์ 1ส.ค.66-31ธ.ค.67 คลิกที่ https://bit.ly/3P0yalo,0
อิ่มท้อง อิ่มใจ ได้บุญ กินเจปีนี้ไปแม็คโคร พอยท์แลกส่วนลดได้ทันที สุขกาย สบายกระเป๋า 2-29ต.ค.67 คลิกเลย https://ttid.co/Oill/M01,0
สะอาดแบบนี้ต้องรีบเอฟ ไลปอนเอฟ ลดใบเหลือ22บ ที่โลตัส ลูกค้าหรูใช้ในรูพอยท์ แลก+จ่ายผ่านทรูมันนี่ 19ทย67-2367 https://bit.ly/46YKOJp,0
ปีดเทอมแล้วไปดูหนังกัน เพียง99ทรูพอยท์ ซื้อตั๋วหนัง เริ่มต้น99.- ที่โรงภาพยนตร์ SF/ Major ทุกสาขา 1กพ.67-315867 https://bit.ly/4bMj9ia,0
เจปีนี้ อิ่มบุญอิ่มท้องกับมังกรคู่วุ้นเส้นเหนียวนุ่ม ใช้หรูพอยท์/แพ็ค แลกลดทันที แม็คโคร 2-29ต 67 https://ttid.co/Oill/mktd01,0
ลด50น. สิทธิ์ไม่จํากัด @Truecoffee ใช้ไทรูพอยท์แลกลดเครื่องดื่ม50บ หรือหมวดโบราณแก้วละ60บ.เท่านั้น 24พค67-31ธค67 https://bit.ly/3r3v51s,0
แซนวิชไส้แน่น กินเย็นได้ไม่ต้องอุ่น! แซนด์วิชโออิชิ ใช้ไทรูพอยท์ เหลือ20บ. สะดวกสุดๆ @7-11.24กพ67-2367 https://ttid.co/OiL/t701,0
ลูกค้าทรูแบล็คท่องเที่ยวได้อย่างสบายใจกับดีลสุดพิเศษมากมายเฉพาะคุณ 1-267-310867 https://privilege.trueid.net/th/thematic/7j6xp2AKE1db,0
ให้ผิวกระจ่างใส เรียบเนียน ดูอ่อนเยาว์ ลูกค้าทรูฟรี The28 White Toner น้ําตบกุหลาบ 520.- ทันที 1กย67-315767 https://bit.ly/3XSxyUT,0
ทางลัดของฟรี ที่ทรูโบนัสทุกเดือน เน็ต โทร SMS Wifi ทรูวิชั่นส์ สูงสุด 10สิทธิ์/เดือน 1มค67-31ธค67 กด*878*2# หรือ https://bit.ly/3bpd64C,0
โลหิตคงคลังเริ่มลดลง วอนบริจาคโลหิต โรงพยาบาลวิชัยเวช อินเตอร์เนชั่นแนล หนองแขม วันที่ 25 ต.ค. 67 เวลา 09.00-15.00 น. ณ ห้องประชุมวนดุรงค์วรรณ ชั้น 2 อาคาร 3 (พัก 12.00-13.00 น.),0
10 ปี วันผู้บริจาคสเต็มเซลล์โลก บริจาคโลหิตและลงทะเบียนอาสาสมัครสเต็มเซลล์ ตลอดเดือน ก.ย.67 ณ ศูนย์บริการโลหิตแห่งชาติ รับฟรีเสื้อยืดที่ระลึก โทร 02 256 4300 24-Jul-24 19:02:17,0
โลหิตคงคลังเริ่มลดลง วอนบริจาคโลหิต โรงพยาบาลวิชัยเวช อินเตอร์เนชั่นแนล หนองแขม วันที่ 26 ก.ค. 67 เวลา 09.00-15.00 น. ณ ห้องประชุมวนดุรงค์วรรณ ชั้น 2 อาคาร 3 (พัก 12.00-13.00 น.),0
"ขอเชิญร่วมบริจาคโลหิต โรงพยาบาลวิชัยเวช อินเตอร์เนชั่นแนล หนองแขม วันที่ 21 เม.ย. 66 เวลา 09.00-15.00 น. ณ ห้องประชุมวนตุรงค์วรรณ ชั้น 2 อาคาร 3 ""จับมอบผ้ายันต์ จากวัดไตรมิตรฯ เป็นที่ระลึก""",0
คุ้มขนาดนี้ อดใจไหวหรอ เพียงเข้ามาเช็คอินที่ True iService เป็นเวลา 5 วันติดกัน รับฟรีเน็ต 1GB ใช้ได้นาน 3 วัน คลิกเลย https://iservice.page.link/BTaF 20-Oct-24 09:54:45,0
"รับฟรี ประกันชีวิตคุ้มครองสูงสุด 7,500บ./30วัน ยิ่งใช้ ยิ่งได้ แพ็กเน็ต 10GB 30วัน(ต่ออายุอัตโนมัติ) 99บ. สมัครโทร*900*7549# หรือ tmvh.co/1151 ลงทะเบียนคุ้มครอง บฟรีสวนลดลาซาด้า30บ. 1. 67-310. 67",0
"ฟรี! ทรูไอดีพลัส 30 วัน ต่อไปเพียง 59บ./เดือน พร้อมเน็ต 2GB (ต่ออายุอัตโนมัติ) ให้คุณชมความบันเทิงได้อีกกว่า 2,000 รายการ คลิก https://ss.true.th/s/trueidpot2",0
เพียงฉือแอป เติมเกมแล้วจ่ายผ่านเบอร์ทรู ก็มีโอกาสรับฟรีเน็ตสูงถึง 99 GB ยิ่งใช้มาก ยิ่งมีสิทธิ์มาก คลิก https://apps.apple.com/account/billing,0
แพ็กนี้ช็อตฟิล รับฟรีโบนัสเน็ต 10GB! แพ็กเน็ตเต็มสปีด 10GB รับเพิ่ม 10GB 10วัน ราคาเดิม 119บ. ซื้อกด*900*8136# โทรออก ทรูไอเซอร์วิส https://iservice.page.link/ g6DD ทรูมันนี่ tmvh.co/5318-20ต.ค.67,0
บูสต์ๆ อย่าอ่อม ซื้อเลยเน็ตแรงขนาดนี้ เน็ต 10 GB เพียง 99 บาท (ราคาไม่รวม vat) ซื้อเลยที่ True iService คลิก https://iservice.page.link/mksw,0
True iService เปย์หนักคูปองส่วนลด Lazada 100 บ. ทุกวันพุธ 10 โมง พลาดไม่ได้ จํานวนจํากัด คลิกเลย https://iservice.page.link/QYHg,0
ลูกค้าทรูรายเดือน จ่ายบิล เช็คยอดการใช้งาน สมัครแพ็กเกจเสริมบนแอป True iService ได้สะดวกสบาย แถมได้ทรูพอยท์เพิ่ม ที่ True iService คลิก https:// iservice.page.link/F5VU,0
ฟรีคูปองส่วนลด 200 บาทจากร้านตั้ง เพียงสมัครแพ็กเสริมเน็ต UP2U เล่นเน็ตแรงเต็มสปีด พร้อมเลือกรับสิทธิพิเศษฟรีทุกเดือน เริ่มต้นเพียง 129 บาท เลือกเลย คลิก! tmvh.co/c299,0
ใหม่! ฟรีตั๋วหนัง 2 ใบจาก SF Cinema! เพียงสมัครแพ็กเน็ต 5GB 30 วัน เพียง 279 บาท รับฟรีคูปอง 2 ที่นั่งมูลค่า 520 บาท กด *900*7122#โทรออก tmvh.co/1536 (ต่ออายุอัตโนมัติยกเลิกได้มีผลรอบบิลถัดไป),0
ฟรีคูปองแมคโดนัลด์ 200 บาท! เมื่อสมัครแพ็กเน็ต 10GB นาน 30 วัน ราคา 200 บาท กด *900*7452#โทรออก tmvh.co/1057 (ต่ออายุอัตโนมัติยกเลิกได้มีผลรอบบิลถัดไป),0
ดูฟรี! ทรูไอดีพลัส 30 วัน รับชม สัปเหร่อ ที่สุดของหนังไทยแห่งปี พิสูจน์ความสนุกด้วยตัวคุณเอง ที่ทรูไอดีพลัสเท่านั้น คลิก https://ss.true.th/s/trueidpot2,0
"เอื้อแพ็กเน็ตฟรีเน็ต 2เท่า+ฟรีประกันอุบัติเหตุสูงสุด500,000บ.+ฟรีส่วนลด Lazada 30บ. แพ็กเน็ต5GB+5GB 30วัน 199บ ซื้อโทร*900*7762# ทรูไอเซอร์วิส https:// iservice.page.link/oCTW 1ต.ค67-31ต.ค67",0
ใหม่! ฟรีคูปองเงินสด Starbucks 200 บาท! (คูปอง 100บาทจํานวน 2 ใบ) เมื่อสมัครแพ็กเน็ต 10GB 30วัน เพียง 259 บาท กด *900*7123#โทรออก tmvh.co/1550 (ต่ออายุอัตโนมัติยกเลิกได้มีผลรอบบิลถัดไป),0
ตุ้มยิ่งกว่าคุ้ม! เติมเน็ตเต็มสปีด 10GB นาน 30วัน เพียง 200บ. แถมฟรี! คูปองแมคโดนัลด์ 200บ. พร้อมเล่น 11 เกมดังฟรี ไม่เสียเน็ต กด *900*7452#คลิก https:// iservice.page.link/HCJU,0
แพ็กนี้ จะเครซี่ ! รับโบนัสเน็ตเต็มสปีดเพิ่มฟรี 20GB เติม 30GB รวม 50GB 10วัน ราคาเดิม 199บ.พิเศษที่ทรูไอเซอร์วิส https://iservice.page.link/7M9p และทรูมันนี่ tmvh.co/1491 เท่านั้น 21ก.ย67-30ก.ย67,0
ร่วมสนับสนุนบอลไทย ร่วมชมและเชียร์ฟุตบอลไทยลีก24/25 สดครบทุกแมตซ์นี้ทีเดียว เพียง 149 บาท/เดือน ต่ออายุอัตโนมัติ รับชมผ่านTrue ID app สมัคร 900*7131# หรือ https://iservice.page.link/Evas,0
"ไม่พลาด บอลไทยบอลนอกต้องที่ทรู! สด ครบทุกแมตช์ฤดูกาล 2024/25 ทั้ง EPL, Thai League, beIN SPORTS 30วัน ต่ออัตโนมิติ เริ่มเพียง 99บ. (รวม VAT) ชื้อเลยที ไอเซอร์วิส https://iservice.page.link/1eys",0
ฟรี! ทรูไอดีพลัส 30 วัน รับชม Johnny โคตรทีมรหัสลับ ลุ้นไปกับ 3 ตํารวจพร้อมภารกิจอันยิ่งใหญ่ คลิก https://ss.true.th/s/trueidpotm2,0
05/09/23 02:38 แพ็กเกจเสริม ฟรีเน็ตบนเครือข่าย 4G 10GB ของคุณ จะใช้งานได้อีก 30 MB และใช้เน็ตได้ต่อเนื่องจากแพ็กเกจหลักของคุณ (ถ้ามี) หรือแนะนําเน็ต 3GB (ปกติ 1.5GB) 24ชม. 39 บ. ไม่รวมภาษี) กด *900*1749# โทรออก หรือแพ็กสุดคุ้มทีtmvh.co/c123,0
แพ็กเกจ ฟรีเน็ตบนเครือข่าย 4G 10GB (ต่ออายุอัตโนมัติ) เริ่มใช้วันที่ 03/09/2023 เวลา 16:52:35 เป็นต้นไป เช็คการใช้งานหรือยกเลิกได้ที่ bit.ly/ISV_Bills_and_Usage หรือเช็คโปรสุดคุ้มอื่นที topping.truemoveh.com,0
ลูกค้าที่มีแพ็กเกจ WiFi ไม่อั้นเชื่อมต่อ WiFi อัตโนมัติ @ TrueMove H โดยไม่มีค่าใช้จ่ายเพิ่มเติม .. ลูกค้า ไม่มีแพ็กเกจ WiFi ไม่อั้น ควบคุมการใช้งานโดยเชื่อมต่อ WiFi ด้วยตัวเองที่ .@ TRUEWIFI,0
โปรโมชั่นใหม่ของคุณคือ ไอสมาร์ทแม็ก 899บ. จ่าย 450บ.) โทร400นาที เน็ตต่อเนื่องสูงสุด30GB ฟรีWIFI ค่าโทรส่วนเกิน 1.50 บ./นาที SMS 3 บ. MMS 5 บ. เริ่มใช้งานวันที่ 03/09/2023 รายละเอียดเพิ่มเติม คลิก http://bit.ly/ss_iserv-changepk,0
เปลี่ยนใจใช้บริการกับทรูต่อ รับเน็ตฟรี จํานวน 60GB (5GB/เดือน นาน 12รอบบิล) สนใจกดรับ*985*62#โทรออก ภายใน 16.00น.เท่านั้น,0
สิทธิพิเศษเฉพาะคุณเท่านั้น เพียงเปลี่ยนใจไม่ย้ายค่าย กด*1510 รหัสบัตรประชาชน+ โทรออก ติดต่อรับสิทธิ โทร. 027008018 (ฟรี),0
ทรูมูฟเอช ขอเชิญคุณร่วมตอบแบบสอบถามเกี่ยวกับการย้ายค่าย เพื่อนําความคิดเห็นของคุณไปพัฒนาบริการให้ดียิ่งขึ้น (การท่าแบบสอบถามนี้ไม่มีผลต่อการย้ายค่าย) คลิก https://www.research.net/r/portout_postpaid,0
"โปรโมชั่นใหม่ของคุณคือ สุดคุ้ม 399, โหรได้ 300 นาที เริ่มใช้งานวันที่ 13/05/2023",0
คุณสมัครแพ็กเกจเสริม Talk 100 Voice120Mins 30 days Recurring (ไม่รวมภาษี)แบบต่ออายุอัตโนมัติเรียบร้อยแล้ว คุณสามารถใช้งานได้ทันที เช็คยอดคงเหลือกด *939*1# โทร (ฟรี)หรือ www.trueiservice.com,0
ลูกค้าที่มีแพ็กเกจ WiFi ไม่อั้นเชื่อมต่อ WiFi อัตโนมัติ @ TrueMove H โดยไม่มีค่าใช้จ่ายเพิ่มเติม .. ลูกค้าที่ไม่มีแพ็กเกจ WiFi ไม่อั้น ควบคุมการใช้งานโดยเชื่อมต่อ WiFi ด้วยตัวเองที่ .@ TRUEWIFI,0
หมายเลขของคุณและหมายเลขเสริมทั้งหมด ยกเลิกแคมเปญ TrueMove H Soft Bundle เรียบร้อยแล้ว,0
"โปรโมชั่นใหม่ของคุณคือ สุดคุ้ม 399, โทรได้ 300 นาที เริ่มใช้งานวันที่ 13/05/2023",0
We appreciate your timely payment. You are entitled to receive 20 TruePoints. Please visit bit.ly/3ASRvIB to claim your reward. Kindly redeem your points within 30 days of receiving this SMS.,0
ไม่พลาดกับความสยองขวัญ พร้อมกดบัตรบ้านผีสิงเดอะโกสท์ ท้าพิสูจน์ความหลอน 23 ก.ย.นี้! เตรียมอัปสปีด เพิ่มความแรง กับแพ็กเสริมเพิ่มสปีด 1000/1000 Mbps. ใช้นาน 7 วัน ราคาเพียง 69 บ. อ้อที. ไอเซอร์วิส https://iservice.page.link/ZtNw,0
ใหม่! บริการเสริม CCTV Cloud Service ฟรีประกันที่อยู่อาศัย 24 เดือน ปลอดภัยทุกจุดสําคัญรอบบ้าน มั่นใจได้ 24 ชม. เพียง 120 บาท/เดือน ซื้อที่ทรูไอเซอร์วิส https://iservice.page.link/PR2t,0
ระเบิดความมันส์ตลอดฤดูกาล กับศึกพรีเมียร์ลีก 2024/25 ลูกค้าหรูออนไลน์ เชียร์ไม่หยุด ชมสดทุกที่ ส่งตรงจากขอบสนาม เพียง 599 บาท/เดือน ซื้อที่เว็บไซต์ทรูไอดี https://bit.ly/trueidEPL,0
สปีดแรงโดนใจลูก ราคาถูกใจแม่ กับแพ็กเสริมเพิ่มสปีด 1000/1000 Mbps. ใช้นาน 7 วัน 69 บาท ชื่อเลย Trueiservice คลิก https://iservice.page.link/ZtNw,0
อัปสปีดแรงโดนใจลูก ราคาถูกใจแม่ เพียง 99 บาท กับแพ็กเสริมเพิ่มสปีด 1000/1000 Mbps. ใช้นาน 15 วัน ซื้อเลยที่ Trueiservice คลิก https://iservice.page.link/ZtNw,0
หยุดยาวนี้ หลบฝนมานอนดูซีรี่ส์ฮิต อนิเมะฟีลกู๊ด แบบไม่มีสะดุด กับแพ็กเสริมเพิ่มสปีด 1000/1000 Mbps. ใช้นาน 15 วัน 99 บาท ซื้อเลย TrueiService คลิก https:// iservice.page.link/2tNw,0
ลูกค้าทรูออนไลน์ สุขฉ่าๆ ใช้ทรูพอยท์แลกรับความสุขทั้งในบ้านและนอกบ้านพร้อมสิทธิพิเศษมากมายคลิก https://bit.ly/TOLPrivilegetruepoint,0
ใหม่! บริการเสริม CCTV Cloud Service ปลอดภัยทุกจุดสําคัญรอบบ้าน มั่นใจได้ 24 ชม. เพียง 99 บาท/เดือน ดูย้อนหลังได้ 7 วัน ชื่อเลยที่ Truestore คลิก https://bit.ly/tolcctv1,0
My Love Mix-Up! เขียนรักด้วยยางลบ อัพเดตก่อนใคร บนกล่องทรูไอดีทีวี ฟรี! VIU Premium 12 เดือน และ แพคเกจทรูไอดีพลัส เพียง 99 บ./30วัน ชื่อเลยที ซื้อเลยที Truestore R?n https://bit.ly/3wjk0GS,0
ห้ามพลาด! Popmart The monsters series 14 มิ.ย.นี้ เตรียมอัปสปีดเร็วแรง กับแพ็กเสริมเพิ่มสปีด 1000/1000 Mbps. 99บาท/15 วัน ซื้อเลยที่ TrueiService คลิก https://bit.ly/3R7S7Jv,0
อัปสปีด เร็วแข็ง34 ไม่ต้องจุ่ม กับแพ็กเสริมเพิ่มสปีด 500/500 Mbps. ใช้งานคุ้ม 7 วัน เพียง 39 บาทเท่านั้น!! ซื้อเลยที่ TrueiService คลิก https://bit.ly/3R7S7Jv,0
